comparison_a,comparison_b,control_type,correct,design,dimension,entropy,expected_label,expected_label_index,is_artificial_norm,is_borderline,logscore_mature,logscore_old,logscore_young,logscore_youthful,margin,ordered_label_score,pair_id,pred_label,pred_label_index,predicate_family,prob_mature,prob_old,prob_young,prob_youthful,prompt,scale_type,side,source,standard_type,target,type,unit,value
a domestic mouse,a domestic dog,standard_explicit,0,same_scalar_different_explicit_standard_balanced_orientation_paraphrase_sweep,age,1.361187197470595,old,3.0,False,False,-9.731343269348145,-9.598031044006348,-9.256074905395508,-9.821502685546875,-0.34195613861083984,1.3594481961389062,age-v1_3a-p0003-a_domestic_mouse-vs-a_domestic_dog,young,0.0,young_old,0.2143697173579081,0.24494027391729073,0.3448020690535833,0.19588793967121787,"For a domestic mouse, a typical lifespan is 2 years. Relative to that 2-year reference, an individual aged 3 years is best described as",relative_open_age,a,bierwisch_kennedy_age_v1_3_a,comparison_class_explicit,3 years,gradable_scalar,years,3
a domestic mouse,a domestic dog,standard_explicit,0,same_scalar_different_explicit_standard_balanced_orientation_paraphrase_sweep,age,1.2665893002777975,youthful,1.0,False,False,-11.733708381652832,-11.779991149902344,-13.166129112243652,-12.377742767333984,-0.6440343856811523,1.9823965118989113,age-v1_3a-p0003-a_domestic_mouse-vs-a_domestic_dog,mature,2.0,young_old,0.3678266889220636,0.35119060314059414,0.08781138330434032,0.19317132463300193,"For a domestic dog, a typical lifespan is 12 years. Relative to that 12-year reference, an individual aged 3 years is best described as",relative_open_age,b,bierwisch_kennedy_age_v1_3_a,comparison_class_explicit,3 years,gradable_scalar,years,3
a horse,a domestic mouse,standard_explicit,1,same_scalar_different_explicit_standard_balanced_orientation_paraphrase_sweep,age,1.287431066187938,young,0.0,False,False,-10.126781463623047,-10.208152770996094,-9.137895584106445,-9.413078308105469,0.27518272399902344,1.0233724626857594,age-v1_3a-p0003-a_horse-vs-a_domestic_mouse,young,0.0,young_old,0.15033916827956254,0.13859036338583208,0.40414743236546724,0.30692303596913817,"For a horse, a typical lifespan is 28 years. Relative to that 28-year reference, an individual aged 3 years is best described as",relative_open_age,a,bierwisch_kennedy_age_v1_3_a,comparison_class_explicit,3 years,gradable_scalar,years,3
a horse,a domestic mouse,standard_explicit,0,same_scalar_different_explicit_standard_balanced_orientation_paraphrase_sweep,age,1.361187197470595,old,3.0,False,False,-9.731343269348145,-9.598031044006348,-9.256074905395508,-9.821502685546875,-0.34195613861083984,1.3594481961389062,age-v1_3a-p0003-a_horse-vs-a_domestic_mouse,young,0.0,young_old,0.2143697173579081,0.24494027391729073,0.3448020690535833,0.19588793967121787,"For a domestic mouse, a typical lifespan is 2 years. Relative to that 2-year reference, an individual aged 3 years is best described as",relative_open_age,b,bierwisch_kennedy_age_v1_3_a,comparison_class_explicit,3 years,gradable_scalar,years,3
a human,a domestic mouse,standard_explicit,0,same_scalar_different_explicit_standard_balanced_orientation_paraphrase_sweep,age,0.8796268628014173,young,0.0,False,False,-10.052834510803223,-8.203422546386719,-10.64731502532959,-10.224955558776855,-2.443892478942871,2.504068843810784,age-v1_3a-p0003-a_human-vs-a_domestic_mouse,old,3.0,young_old,0.11428823188854234,0.7264252388607921,0.0630698657993425,0.09621666345132301,"For a human, a typical lifespan is 80 years. Relative to that 80-year reference, an individual aged 3 years is best described as",relative_open_age,a,bierwisch_kennedy_age_v1_3_a,comparison_class_explicit,3 years,gradable_scalar,years,3
a human,a domestic mouse,standard_explicit,0,same_scalar_different_explicit_standard_balanced_orientation_paraphrase_sweep,age,1.361187197470595,old,3.0,False,False,-9.731343269348145,-9.598031044006348,-9.256074905395508,-9.821502685546875,-0.34195613861083984,1.3594481961389062,age-v1_3a-p0003-a_human-vs-a_domestic_mouse,young,0.0,young_old,0.2143697173579081,0.24494027391729073,0.3448020690535833,0.19588793967121787,"For a domestic mouse, a typical lifespan is 2 years. Relative to that 2-year reference, an individual aged 3 years is best described as",relative_open_age,b,bierwisch_kennedy_age_v1_3_a,comparison_class_explicit,3 years,gradable_scalar,years,3
a domestic mouse,a galapagos tortoise,standard_explicit,0,same_scalar_different_explicit_standard_balanced_orientation_paraphrase_sweep,age,1.361187197470595,old,3.0,False,False,-9.731343269348145,-9.598031044006348,-9.256074905395508,-9.821502685546875,-0.34195613861083984,1.3594481961389062,age-v1_3a-p0003-a_domestic_mouse-vs-a_galapagos_tortoise,young,0.0,young_old,0.2143697173579081,0.24494027391729073,0.3448020690535833,0.19588793967121787,"For a domestic mouse, a typical lifespan is 2 years. Relative to that 2-year reference, an individual aged 3 years is best described as",relative_open_age,a,bierwisch_kennedy_age_v1_3_a,comparison_class_explicit,3 years,gradable_scalar,years,3
a domestic mouse,a galapagos tortoise,standard_explicit,0,same_scalar_different_explicit_standard_balanced_orientation_paraphrase_sweep,age,1.1812287994493627,young,0.0,False,False,-9.448052406311035,-8.965595245361328,-10.408833503723145,-10.629484176635742,-1.4432382583618164,2.1655917986412985,age-v1_3a-p0003-a_domestic_mouse-vs-a_galapagos_tortoise,old,3.0,young_old,0.3021619749734024,0.48951757999650947,0.11560533632512318,0.09271510870496484,"For a galapagos tortoise, a typical lifespan is 150 years. Relative to that 150-year reference, an individual aged 3 years is best described as",relative_open_age,b,bierwisch_kennedy_age_v1_3_a,comparison_class_explicit,3 years,gradable_scalar,years,3
a domestic mouse,a bowhead whale,standard_explicit,0,same_scalar_different_explicit_standard_balanced_orientation_paraphrase_sweep,age,1.361187197470595,old,3.0,False,False,-9.731343269348145,-9.598031044006348,-9.256074905395508,-9.821502685546875,-0.34195613861083984,1.3594481961389062,age-v1_3a-p0003-a_domestic_mouse-vs-a_bowhead_whale,young,0.0,young_old,0.2143697173579081,0.24494027391729073,0.3448020690535833,0.19588793967121787,"For a domestic mouse, a typical lifespan is 2 years. Relative to that 2-year reference, an individual aged 3 years is best described as",relative_open_age,a,bierwisch_kennedy_age_v1_3_a,comparison_class_explicit,3 years,gradable_scalar,years,3
a domestic mouse,a bowhead whale,standard_explicit,0,same_scalar_different_explicit_standard_balanced_orientation_paraphrase_sweep,age,1.3139302158030997,young,0.0,False,False,-9.657112121582031,-9.733793258666992,-10.526238441467285,-10.436004638671875,-0.8691263198852539,1.8675787746709882,age-v1_3a-p0003-a_domestic_mouse-vs-a_bowhead_whale,mature,2.0,young_old,0.3565803718802434,0.3302594390190512,0.14952047524735765,0.16363971385334777,"For a bowhead whale, a typical lifespan is 200 years. Relative to that 200-year reference, an individual aged 3 years is best described as",relative_open_age,b,bierwisch_kennedy_age_v1_3_a,comparison_class_explicit,3 years,gradable_scalar,years,3
a domestic dog,a horse,standard_explicit,0,same_scalar_different_explicit_standard_balanced_orientation_paraphrase_sweep,age,1.2665893002777975,youthful,1.0,False,False,-11.733708381652832,-11.779991149902344,-13.166129112243652,-12.377742767333984,-0.6440343856811523,1.9823965118989113,age-v1_3a-p0003-a_domestic_dog-vs-a_horse,mature,2.0,young_old,0.3678266889220636,0.35119060314059414,0.08781138330434032,0.19317132463300193,"For a domestic dog, a typical lifespan is 12 years. Relative to that 12-year reference, an individual aged 3 years is best described as",relative_open_age,a,bierwisch_kennedy_age_v1_3_a,comparison_class_explicit,3 years,gradable_scalar,years,3
a domestic dog,a horse,standard_explicit,1,same_scalar_different_explicit_standard_balanced_orientation_paraphrase_sweep,age,1.287431066187938,young,0.0,False,False,-10.126781463623047,-10.208152770996094,-9.137895584106445,-9.413078308105469,0.27518272399902344,1.0233724626857594,age-v1_3a-p0003-a_domestic_dog-vs-a_horse,young,0.0,young_old,0.15033916827956254,0.13859036338583208,0.40414743236546724,0.30692303596913817,"For a horse, a typical lifespan is 28 years. Relative to that 28-year reference, an individual aged 3 years is best described as",relative_open_age,b,bierwisch_kennedy_age_v1_3_a,comparison_class_explicit,3 years,gradable_scalar,years,3
a domestic dog,a human,standard_explicit,0,same_scalar_different_explicit_standard_balanced_orientation_paraphrase_sweep,age,1.2665893002777975,youthful,1.0,False,False,-11.733708381652832,-11.779991149902344,-13.166129112243652,-12.377742767333984,-0.6440343856811523,1.9823965118989113,age-v1_3a-p0003-a_domestic_dog-vs-a_human,mature,2.0,young_old,0.3678266889220636,0.35119060314059414,0.08781138330434032,0.19317132463300193,"For a domestic dog, a typical lifespan is 12 years. Relative to that 12-year reference, an individual aged 3 years is best described as",relative_open_age,a,bierwisch_kennedy_age_v1_3_a,comparison_class_explicit,3 years,gradable_scalar,years,3
a domestic dog,a human,standard_explicit,0,same_scalar_different_explicit_standard_balanced_orientation_paraphrase_sweep,age,0.8796268628014173,young,0.0,False,False,-10.052834510803223,-8.203422546386719,-10.64731502532959,-10.224955558776855,-2.443892478942871,2.504068843810784,age-v1_3a-p0003-a_domestic_dog-vs-a_human,old,3.0,young_old,0.11428823188854234,0.7264252388607921,0.0630698657993425,0.09621666345132301,"For a human, a typical lifespan is 80 years. Relative to that 80-year reference, an individual aged 3 years is best described as",relative_open_age,b,bierwisch_kennedy_age_v1_3_a,comparison_class_explicit,3 years,gradable_scalar,years,3
a galapagos tortoise,a domestic dog,standard_explicit,0,same_scalar_different_explicit_standard_balanced_orientation_paraphrase_sweep,age,1.1812287994493627,young,0.0,False,False,-9.448052406311035,-8.965595245361328,-10.408833503723145,-10.629484176635742,-1.4432382583618164,2.1655917986412985,age-v1_3a-p0003-a_galapagos_tortoise-vs-a_domestic_dog,old,3.0,young_old,0.3021619749734024,0.48951757999650947,0.11560533632512318,0.09271510870496484,"For a galapagos tortoise, a typical lifespan is 150 years. Relative to that 150-year reference, an individual aged 3 years is best described as",relative_open_age,a,bierwisch_kennedy_age_v1_3_a,comparison_class_explicit,3 years,gradable_scalar,years,3
a galapagos tortoise,a domestic dog,standard_explicit,0,same_scalar_different_explicit_standard_balanced_orientation_paraphrase_sweep,age,1.2665893002777975,youthful,1.0,False,False,-11.733708381652832,-11.779991149902344,-13.166129112243652,-12.377742767333984,-0.6440343856811523,1.9823965118989113,age-v1_3a-p0003-a_galapagos_tortoise-vs-a_domestic_dog,mature,2.0,young_old,0.3678266889220636,0.35119060314059414,0.08781138330434032,0.19317132463300193,"For a domestic dog, a typical lifespan is 12 years. Relative to that 12-year reference, an individual aged 3 years is best described as",relative_open_age,b,bierwisch_kennedy_age_v1_3_a,comparison_class_explicit,3 years,gradable_scalar,years,3
a bowhead whale,a domestic dog,standard_explicit,0,same_scalar_different_explicit_standard_balanced_orientation_paraphrase_sweep,age,1.3139302158030997,young,0.0,False,False,-9.657112121582031,-9.733793258666992,-10.526238441467285,-10.436004638671875,-0.8691263198852539,1.8675787746709882,age-v1_3a-p0003-a_bowhead_whale-vs-a_domestic_dog,mature,2.0,young_old,0.3565803718802434,0.3302594390190512,0.14952047524735765,0.16363971385334777,"For a bowhead whale, a typical lifespan is 200 years. Relative to that 200-year reference, an individual aged 3 years is best described as",relative_open_age,a,bierwisch_kennedy_age_v1_3_a,comparison_class_explicit,3 years,gradable_scalar,years,3
a bowhead whale,a domestic dog,standard_explicit,0,same_scalar_different_explicit_standard_balanced_orientation_paraphrase_sweep,age,1.2665893002777975,youthful,1.0,False,False,-11.733708381652832,-11.779991149902344,-13.166129112243652,-12.377742767333984,-0.6440343856811523,1.9823965118989113,age-v1_3a-p0003-a_bowhead_whale-vs-a_domestic_dog,mature,2.0,young_old,0.3678266889220636,0.35119060314059414,0.08781138330434032,0.19317132463300193,"For a domestic dog, a typical lifespan is 12 years. Relative to that 12-year reference, an individual aged 3 years is best described as",relative_open_age,b,bierwisch_kennedy_age_v1_3_a,comparison_class_explicit,3 years,gradable_scalar,years,3
a domestic mouse,a horse,standard_explicit,0,same_scalar_different_explicit_standard_balanced_orientation_paraphrase_sweep,age,1.2636347451303018,old,3.0,False,False,-10.208867073059082,-10.023361206054688,-9.011808395385742,-9.816637992858887,-1.0115528106689453,1.0139093872660063,age-v1_3a-p0006-a_domestic_mouse-vs-a_horse,young,0.0,young_old,0.1429700938532182,0.17211129671902287,0.47328330002525754,0.21163530940250128,"For a domestic mouse, a typical lifespan is 2 years. Relative to that 2-year reference, an individual aged 6 years is best described as",relative_open_age,a,bierwisch_kennedy_age_v1_3_a,comparison_class_explicit,6 years,gradable_scalar,years,6
a domestic mouse,a horse,standard_explicit,0,same_scalar_different_explicit_standard_balanced_orientation_paraphrase_sweep,age,1.255819201496295,youthful,1.0,False,False,-10.153831481933594,-10.152619361877441,-8.94735336303711,-9.34704303741455,-0.3996896743774414,0.9552628324075725,age-v1_3a-p0006-a_domestic_mouse-vs-a_horse,young,0.0,young_old,0.13186335594133258,0.13202328706802238,0.4406470976698049,0.29546625932084014,"For a horse, a typical lifespan is 28 years. Relative to that 28-year reference, an individual aged 6 years is best described as",relative_open_age,b,bierwisch_kennedy_age_v1_3_a,comparison_class_explicit,6 years,gradable_scalar,years,6
a human,a domestic mouse,standard_explicit,0,same_scalar_different_explicit_standard_balanced_orientation_paraphrase_sweep,age,1.0822127472345593,young,0.0,False,False,-9.923783302307129,-7.866097927093506,-9.243585586547852,-9.197875022888184,-1.3774876594543457,2.140860083440759,age-v1_3a-p0006-a_human-vs-a_domestic_mouse,old,3.0,young_old,0.07770789270212652,0.6082841997828438,0.1534162088270552,0.16059169868797443,"For a human, a typical lifespan is 80 years. Relative to that 80-year reference, an individual aged 6 years is best described as",relative_open_age,a,bierwisch_kennedy_age_v1_3_a,comparison_class_explicit,6 years,gradable_scalar,years,6
a human,a domestic mouse,standard_explicit,0,same_scalar_different_explicit_standard_balanced_orientation_paraphrase_sweep,age,1.2636347451303018,old,3.0,False,False,-10.208867073059082,-10.023361206054688,-9.011808395385742,-9.816637992858887,-1.0115528106689453,1.0139093872660063,age-v1_3a-p0006-a_human-vs-a_domestic_mouse,young,0.0,young_old,0.1429700938532182,0.17211129671902287,0.47328330002525754,0.21163530940250128,"For a domestic mouse, a typical lifespan is 2 years. Relative to that 2-year reference, an individual aged 6 years is best described as",relative_open_age,b,bierwisch_kennedy_age_v1_3_a,comparison_class_explicit,6 years,gradable_scalar,years,6
a galapagos tortoise,a domestic mouse,standard_explicit,0,same_scalar_different_explicit_standard_balanced_orientation_paraphrase_sweep,age,1.248733130985691,young,0.0,False,False,-9.537130355834961,-9.087141990661621,-10.161323547363281,-10.489505767822266,-1.0741815567016602,2.031830831747509,age-v1_3a-p0006-a_galapagos_tortoise-vs-a_domestic_mouse,old,3.0,young_old,0.2865484824449642,0.44939224812082673,0.1535021469391084,0.11055712249510077,"For a galapagos tortoise, a typical lifespan is 150 years. Relative to that 150-year reference, an individual aged 6 years is best described as",relative_open_age,a,bierwisch_kennedy_age_v1_3_a,comparison_class_explicit,6 years,gradable_scalar,years,6
a galapagos tortoise,a domestic mouse,standard_explicit,0,same_scalar_different_explicit_standard_balanced_orientation_paraphrase_sweep,age,1.2636347451303018,old,3.0,False,False,-10.208867073059082,-10.023361206054688,-9.011808395385742,-9.816637992858887,-1.0115528106689453,1.0139093872660063,age-v1_3a-p0006-a_galapagos_tortoise-vs-a_domestic_mouse,young,0.0,young_old,0.1429700938532182,0.17211129671902287,0.47328330002525754,0.21163530940250128,"For a domestic mouse, a typical lifespan is 2 years. Relative to that 2-year reference, an individual aged 6 years is best described as",relative_open_age,b,bierwisch_kennedy_age_v1_3_a,comparison_class_explicit,6 years,gradable_scalar,years,6
a bowhead whale,a domestic mouse,standard_explicit,0,same_scalar_different_explicit_standard_balanced_orientation_paraphrase_sweep,age,1.3369778080816406,young,0.0,False,False,-9.494851112365723,-9.550238609313965,-10.136476516723633,-10.191929817199707,-0.6416254043579102,1.7964070370551735,age-v1_3a-p0006-a_bowhead_whale-vs-a_domestic_mouse,mature,2.0,young_old,0.3366331673073267,0.3184948534664672,0.17721583718508777,0.16765614204111845,"For a bowhead whale, a typical lifespan is 200 years. Relative to that 200-year reference, an individual aged 6 years is best described as",relative_open_age,a,bierwisch_kennedy_age_v1_3_a,comparison_class_explicit,6 years,gradable_scalar,years,6
a bowhead whale,a domestic mouse,standard_explicit,0,same_scalar_different_explicit_standard_balanced_orientation_paraphrase_sweep,age,1.2636347451303018,old,3.0,False,False,-10.208867073059082,-10.023361206054688,-9.011808395385742,-9.816637992858887,-1.0115528106689453,1.0139093872660063,age-v1_3a-p0006-a_bowhead_whale-vs-a_domestic_mouse,young,0.0,young_old,0.1429700938532182,0.17211129671902287,0.47328330002525754,0.21163530940250128,"For a domestic mouse, a typical lifespan is 2 years. Relative to that 2-year reference, an individual aged 6 years is best described as",relative_open_age,b,bierwisch_kennedy_age_v1_3_a,comparison_class_explicit,6 years,gradable_scalar,years,6
a horse,a human,standard_explicit,0,same_scalar_different_explicit_standard_balanced_orientation_paraphrase_sweep,age,1.255819201496295,youthful,1.0,False,False,-10.153831481933594,-10.152619361877441,-8.94735336303711,-9.34704303741455,-0.3996896743774414,0.9552628324075725,age-v1_3a-p0006-a_horse-vs-a_human,young,0.0,young_old,0.13186335594133258,0.13202328706802238,0.4406470976698049,0.29546625932084014,"For a horse, a typical lifespan is 28 years. Relative to that 28-year reference, an individual aged 6 years is best described as",relative_open_age,a,bierwisch_kennedy_age_v1_3_a,comparison_class_explicit,6 years,gradable_scalar,years,6
a horse,a human,standard_explicit,0,same_scalar_different_explicit_standard_balanced_orientation_paraphrase_sweep,age,1.0822127472345593,young,0.0,False,False,-9.923783302307129,-7.866097927093506,-9.243585586547852,-9.197875022888184,-1.3774876594543457,2.140860083440759,age-v1_3a-p0006-a_horse-vs-a_human,old,3.0,young_old,0.07770789270212652,0.6082841997828438,0.1534162088270552,0.16059169868797443,"For a human, a typical lifespan is 80 years. Relative to that 80-year reference, an individual aged 6 years is best described as",relative_open_age,b,bierwisch_kennedy_age_v1_3_a,comparison_class_explicit,6 years,gradable_scalar,years,6
a horse,a galapagos tortoise,standard_explicit,0,same_scalar_different_explicit_standard_balanced_orientation_paraphrase_sweep,age,1.255819201496295,youthful,1.0,False,False,-10.153831481933594,-10.152619361877441,-8.94735336303711,-9.34704303741455,-0.3996896743774414,0.9552628324075725,age-v1_3a-p0006-a_horse-vs-a_galapagos_tortoise,young,0.0,young_old,0.13186335594133258,0.13202328706802238,0.4406470976698049,0.29546625932084014,"For a horse, a typical lifespan is 28 years. Relative to that 28-year reference, an individual aged 6 years is best described as",relative_open_age,a,bierwisch_kennedy_age_v1_3_a,comparison_class_explicit,6 years,gradable_scalar,years,6
a horse,a galapagos tortoise,standard_explicit,0,same_scalar_different_explicit_standard_balanced_orientation_paraphrase_sweep,age,1.248733130985691,young,0.0,False,False,-9.537130355834961,-9.087141990661621,-10.161323547363281,-10.489505767822266,-1.0741815567016602,2.031830831747509,age-v1_3a-p0006-a_horse-vs-a_galapagos_tortoise,old,3.0,young_old,0.2865484824449642,0.44939224812082673,0.1535021469391084,0.11055712249510077,"For a galapagos tortoise, a typical lifespan is 150 years. Relative to that 150-year reference, an individual aged 6 years is best described as",relative_open_age,b,bierwisch_kennedy_age_v1_3_a,comparison_class_explicit,6 years,gradable_scalar,years,6
a horse,a bowhead whale,standard_explicit,0,same_scalar_different_explicit_standard_balanced_orientation_paraphrase_sweep,age,1.255819201496295,youthful,1.0,False,False,-10.153831481933594,-10.152619361877441,-8.94735336303711,-9.34704303741455,-0.3996896743774414,0.9552628324075725,age-v1_3a-p0006-a_horse-vs-a_bowhead_whale,young,0.0,young_old,0.13186335594133258,0.13202328706802238,0.4406470976698049,0.29546625932084014,"For a horse, a typical lifespan is 28 years. Relative to that 28-year reference, an individual aged 6 years is best described as",relative_open_age,a,bierwisch_kennedy_age_v1_3_a,comparison_class_explicit,6 years,gradable_scalar,years,6
a horse,a bowhead whale,standard_explicit,0,same_scalar_different_explicit_standard_balanced_orientation_paraphrase_sweep,age,1.3369778080816406,young,0.0,False,False,-9.494851112365723,-9.550238609313965,-10.136476516723633,-10.191929817199707,-0.6416254043579102,1.7964070370551735,age-v1_3a-p0006-a_horse-vs-a_bowhead_whale,mature,2.0,young_old,0.3366331673073267,0.3184948534664672,0.17721583718508777,0.16765614204111845,"For a bowhead whale, a typical lifespan is 200 years. Relative to that 200-year reference, an individual aged 6 years is best described as",relative_open_age,b,bierwisch_kennedy_age_v1_3_a,comparison_class_explicit,6 years,gradable_scalar,years,6
a domestic mouse,a domestic dog,standard_explicit,0,same_scalar_different_explicit_standard_balanced_orientation_paraphrase_sweep,age,1.3358826010329765,old,3.0,False,False,-9.729576110839844,-9.446843147277832,-9.004124641418457,-9.754642486572266,-0.442718505859375,1.295815742709876,age-v1_3a-p0010-a_domestic_mouse-vs-a_domestic_dog,young,0.0,young_old,0.18630093894390362,0.24717492419890338,0.38483504463183416,0.18168909222535876,"For a domestic mouse, a typical lifespan is 2 years. Relative to that 2-year reference, an individual aged 10 years is best described as",relative_open_age,a,bierwisch_kennedy_age_v1_3_a,comparison_class_explicit,10 years,gradable_scalar,years,10
a domestic mouse,a domestic dog,standard_explicit,1,same_scalar_different_explicit_standard_balanced_orientation_paraphrase_sweep,age,1.1869232261373934,mature,2.0,False,False,-11.072213172912598,-11.421575546264648,-13.061917304992676,-12.141180992126465,0.3493623733520508,2.040408933434112,age-v1_3a-p0010-a_domestic_mouse-vs-a_domestic_dog,mature,2.0,young_old,0.4576164387724446,0.3226825394662101,0.06257258427075324,0.15712843749059185,"For a domestic dog, a typical lifespan is 12 years. Relative to that 12-year reference, an individual aged 10 years is best described as",relative_open_age,b,bierwisch_kennedy_age_v1_3_a,comparison_class_explicit,10 years,gradable_scalar,years,10
a domestic mouse,a horse,standard_explicit,0,same_scalar_different_explicit_standard_balanced_orientation_paraphrase_sweep,age,1.3358826010329765,old,3.0,False,False,-9.729576110839844,-9.446843147277832,-9.004124641418457,-9.754642486572266,-0.442718505859375,1.295815742709876,age-v1_3a-p0010-a_domestic_mouse-vs-a_horse,young,0.0,young_old,0.18630093894390362,0.24717492419890338,0.38483504463183416,0.18168909222535876,"For a domestic mouse, a typical lifespan is 2 years. Relative to that 2-year reference, an individual aged 10 years is best described as",relative_open_age,a,bierwisch_kennedy_age_v1_3_a,comparison_class_explicit,10 years,gradable_scalar,years,10
a domestic mouse,a horse,standard_explicit,0,same_scalar_different_explicit_standard_balanced_orientation_paraphrase_sweep,age,1.3092189962575231,youthful,1.0,False,False,-10.157087326049805,-10.284280776977539,-9.333673477172852,-9.517822265625,-0.18414878845214844,1.0797603507488303,age-v1_3a-p0010-a_domestic_mouse-vs-a_horse,young,0.0,young_old,0.16518236193102673,0.1454535274301142,0.37632906604242483,0.31303504459643433,"For a horse, a typical lifespan is 28 years. Relative to that 28-year reference, an individual aged 10 years is best described as",relative_open_age,b,bierwisch_kennedy_age_v1_3_a,comparison_class_explicit,10 years,gradable_scalar,years,10
a domestic mouse,a human,standard_explicit,0,same_scalar_different_explicit_standard_balanced_orientation_paraphrase_sweep,age,1.3358826010329765,old,3.0,False,False,-9.729576110839844,-9.446843147277832,-9.004124641418457,-9.754642486572266,-0.442718505859375,1.295815742709876,age-v1_3a-p0010-a_domestic_mouse-vs-a_human,young,0.0,young_old,0.18630093894390362,0.24717492419890338,0.38483504463183416,0.18168909222535876,"For a domestic mouse, a typical lifespan is 2 years. Relative to that 2-year reference, an individual aged 10 years is best described as",relative_open_age,a,bierwisch_kennedy_age_v1_3_a,comparison_class_explicit,10 years,gradable_scalar,years,10
a domestic mouse,a human,standard_explicit,0,same_scalar_different_explicit_standard_balanced_orientation_paraphrase_sweep,age,0.9105021693751747,young,0.0,False,False,-9.77918815612793,-7.728486061096191,-9.850760459899902,-9.616641998291016,-2.122274398803711,2.435170328942764,age-v1_3a-p0010-a_domestic_mouse-vs-a_human,old,3.0,young_old,0.09190510485001133,0.7144111741368182,0.08555712418088393,0.1081265968322865,"For a human, a typical lifespan is 80 years. Relative to that 80-year reference, an individual aged 10 years is best described as",relative_open_age,b,bierwisch_kennedy_age_v1_3_a,comparison_class_explicit,10 years,gradable_scalar,years,10
a domestic mouse,a galapagos tortoise,standard_explicit,0,same_scalar_different_explicit_standard_balanced_orientation_paraphrase_sweep,age,1.3358826010329765,old,3.0,False,False,-9.729576110839844,-9.446843147277832,-9.004124641418457,-9.754642486572266,-0.442718505859375,1.295815742709876,age-v1_3a-p0010-a_domestic_mouse-vs-a_galapagos_tortoise,young,0.0,young_old,0.18630093894390362,0.24717492419890338,0.38483504463183416,0.18168909222535876,"For a domestic mouse, a typical lifespan is 2 years. Relative to that 2-year reference, an individual aged 10 years is best described as",relative_open_age,a,bierwisch_kennedy_age_v1_3_a,comparison_class_explicit,10 years,gradable_scalar,years,10
a domestic mouse,a galapagos tortoise,standard_explicit,0,same_scalar_different_explicit_standard_balanced_orientation_paraphrase_sweep,age,1.182815991024411,young,0.0,False,False,-9.316741943359375,-8.48913288116455,-9.71478271484375,-10.23851203918457,-1.2256498336791992,2.1254813076191326,age-v1_3a-p0010-a_domestic_mouse-vs-a_galapagos_tortoise,old,3.0,young_old,0.2295003937470382,0.5250606645119075,0.15414041515172078,0.09129852658933357,"For a galapagos tortoise, a typical lifespan is 150 years. Relative to that 150-year reference, an individual aged 10 years is best described as",relative_open_age,b,bierwisch_kennedy_age_v1_3_a,comparison_class_explicit,10 years,gradable_scalar,years,10
a bowhead whale,a domestic mouse,standard_explicit,0,same_scalar_different_explicit_standard_balanced_orientation_paraphrase_sweep,age,1.3246615615025528,young,0.0,False,False,-9.499455451965332,-9.164839744567871,-9.91966438293457,-10.043992042541504,-0.7548246383666992,1.8633823466750798,age-v1_3a-p0010-a_bowhead_whale-vs-a_domestic_mouse,old,3.0,young_old,0.2751468104658585,0.38449105275344864,0.18074656929767574,0.15961556748301708,"For a bowhead whale, a typical lifespan is 200 years. Relative to that 200-year reference, an individual aged 10 years is best described as",relative_open_age,a,bierwisch_kennedy_age_v1_3_a,comparison_class_explicit,10 years,gradable_scalar,years,10
a bowhead whale,a domestic mouse,standard_explicit,0,same_scalar_different_explicit_standard_balanced_orientation_paraphrase_sweep,age,1.3358826010329765,old,3.0,False,False,-9.729576110839844,-9.446843147277832,-9.004124641418457,-9.754642486572266,-0.442718505859375,1.295815742709876,age-v1_3a-p0010-a_bowhead_whale-vs-a_domestic_mouse,young,0.0,young_old,0.18630093894390362,0.24717492419890338,0.38483504463183416,0.18168909222535876,"For a domestic mouse, a typical lifespan is 2 years. Relative to that 2-year reference, an individual aged 10 years is best described as",relative_open_age,b,bierwisch_kennedy_age_v1_3_a,comparison_class_explicit,10 years,gradable_scalar,years,10
a domestic dog,a horse,standard_explicit,1,same_scalar_different_explicit_standard_balanced_orientation_paraphrase_sweep,age,1.1869232261373934,mature,2.0,False,False,-11.072213172912598,-11.421575546264648,-13.061917304992676,-12.141180992126465,0.3493623733520508,2.040408933434112,age-v1_3a-p0010-a_domestic_dog-vs-a_horse,mature,2.0,young_old,0.4576164387724446,0.3226825394662101,0.06257258427075324,0.15712843749059185,"For a domestic dog, a typical lifespan is 12 years. Relative to that 12-year reference, an individual aged 10 years is best described as",relative_open_age,a,bierwisch_kennedy_age_v1_3_a,comparison_class_explicit,10 years,gradable_scalar,years,10
a domestic dog,a horse,standard_explicit,0,same_scalar_different_explicit_standard_balanced_orientation_paraphrase_sweep,age,1.3092189962575231,youthful,1.0,False,False,-10.157087326049805,-10.284280776977539,-9.333673477172852,-9.517822265625,-0.18414878845214844,1.0797603507488303,age-v1_3a-p0010-a_domestic_dog-vs-a_horse,young,0.0,young_old,0.16518236193102673,0.1454535274301142,0.37632906604242483,0.31303504459643433,"For a horse, a typical lifespan is 28 years. Relative to that 28-year reference, an individual aged 10 years is best described as",relative_open_age,b,bierwisch_kennedy_age_v1_3_a,comparison_class_explicit,10 years,gradable_scalar,years,10
a domestic dog,a human,standard_explicit,1,same_scalar_different_explicit_standard_balanced_orientation_paraphrase_sweep,age,1.1869232261373934,mature,2.0,False,False,-11.072213172912598,-11.421575546264648,-13.061917304992676,-12.141180992126465,0.3493623733520508,2.040408933434112,age-v1_3a-p0010-a_domestic_dog-vs-a_human,mature,2.0,young_old,0.4576164387724446,0.3226825394662101,0.06257258427075324,0.15712843749059185,"For a domestic dog, a typical lifespan is 12 years. Relative to that 12-year reference, an individual aged 10 years is best described as",relative_open_age,a,bierwisch_kennedy_age_v1_3_a,comparison_class_explicit,10 years,gradable_scalar,years,10
a domestic dog,a human,standard_explicit,0,same_scalar_different_explicit_standard_balanced_orientation_paraphrase_sweep,age,0.9105021693751747,young,0.0,False,False,-9.77918815612793,-7.728486061096191,-9.850760459899902,-9.616641998291016,-2.122274398803711,2.435170328942764,age-v1_3a-p0010-a_domestic_dog-vs-a_human,old,3.0,young_old,0.09190510485001133,0.7144111741368182,0.08555712418088393,0.1081265968322865,"For a human, a typical lifespan is 80 years. Relative to that 80-year reference, an individual aged 10 years is best described as",relative_open_age,b,bierwisch_kennedy_age_v1_3_a,comparison_class_explicit,10 years,gradable_scalar,years,10
a domestic dog,a galapagos tortoise,standard_explicit,1,same_scalar_different_explicit_standard_balanced_orientation_paraphrase_sweep,age,1.1869232261373934,mature,2.0,False,False,-11.072213172912598,-11.421575546264648,-13.061917304992676,-12.141180992126465,0.3493623733520508,2.040408933434112,age-v1_3a-p0010-a_domestic_dog-vs-a_galapagos_tortoise,mature,2.0,young_old,0.4576164387724446,0.3226825394662101,0.06257258427075324,0.15712843749059185,"For a domestic dog, a typical lifespan is 12 years. Relative to that 12-year reference, an individual aged 10 years is best described as",relative_open_age,a,bierwisch_kennedy_age_v1_3_a,comparison_class_explicit,10 years,gradable_scalar,years,10
a domestic dog,a galapagos tortoise,standard_explicit,0,same_scalar_different_explicit_standard_balanced_orientation_paraphrase_sweep,age,1.182815991024411,young,0.0,False,False,-9.316741943359375,-8.48913288116455,-9.71478271484375,-10.23851203918457,-1.2256498336791992,2.1254813076191326,age-v1_3a-p0010-a_domestic_dog-vs-a_galapagos_tortoise,old,3.0,young_old,0.2295003937470382,0.5250606645119075,0.15414041515172078,0.09129852658933357,"For a galapagos tortoise, a typical lifespan is 150 years. Relative to that 150-year reference, an individual aged 10 years is best described as",relative_open_age,b,bierwisch_kennedy_age_v1_3_a,comparison_class_explicit,10 years,gradable_scalar,years,10
a domestic dog,a bowhead whale,standard_explicit,1,same_scalar_different_explicit_standard_balanced_orientation_paraphrase_sweep,age,1.1869232261373934,mature,2.0,False,False,-11.072213172912598,-11.421575546264648,-13.061917304992676,-12.141180992126465,0.3493623733520508,2.040408933434112,age-v1_3a-p0010-a_domestic_dog-vs-a_bowhead_whale,mature,2.0,young_old,0.4576164387724446,0.3226825394662101,0.06257258427075324,0.15712843749059185,"For a domestic dog, a typical lifespan is 12 years. Relative to that 12-year reference, an individual aged 10 years is best described as",relative_open_age,a,bierwisch_kennedy_age_v1_3_a,comparison_class_explicit,10 years,gradable_scalar,years,10
a domestic dog,a bowhead whale,standard_explicit,0,same_scalar_different_explicit_standard_balanced_orientation_paraphrase_sweep,age,1.3246615615025528,young,0.0,False,False,-9.499455451965332,-9.164839744567871,-9.91966438293457,-10.043992042541504,-0.7548246383666992,1.8633823466750798,age-v1_3a-p0010-a_domestic_dog-vs-a_bowhead_whale,old,3.0,young_old,0.2751468104658585,0.38449105275344864,0.18074656929767574,0.15961556748301708,"For a bowhead whale, a typical lifespan is 200 years. Relative to that 200-year reference, an individual aged 10 years is best described as",relative_open_age,b,bierwisch_kennedy_age_v1_3_a,comparison_class_explicit,10 years,gradable_scalar,years,10
a horse,a human,standard_explicit,0,same_scalar_different_explicit_standard_balanced_orientation_paraphrase_sweep,age,1.3092189962575231,youthful,1.0,False,False,-10.157087326049805,-10.284280776977539,-9.333673477172852,-9.517822265625,-0.18414878845214844,1.0797603507488303,age-v1_3a-p0010-a_horse-vs-a_human,young,0.0,young_old,0.16518236193102673,0.1454535274301142,0.37632906604242483,0.31303504459643433,"For a horse, a typical lifespan is 28 years. Relative to that 28-year reference, an individual aged 10 years is best described as",relative_open_age,a,bierwisch_kennedy_age_v1_3_a,comparison_class_explicit,10 years,gradable_scalar,years,10
a horse,a human,standard_explicit,0,same_scalar_different_explicit_standard_balanced_orientation_paraphrase_sweep,age,0.9105021693751747,young,0.0,False,False,-9.77918815612793,-7.728486061096191,-9.850760459899902,-9.616641998291016,-2.122274398803711,2.435170328942764,age-v1_3a-p0010-a_horse-vs-a_human,old,3.0,young_old,0.09190510485001133,0.7144111741368182,0.08555712418088393,0.1081265968322865,"For a human, a typical lifespan is 80 years. Relative to that 80-year reference, an individual aged 10 years is best described as",relative_open_age,b,bierwisch_kennedy_age_v1_3_a,comparison_class_explicit,10 years,gradable_scalar,years,10
a galapagos tortoise,a horse,standard_explicit,0,same_scalar_different_explicit_standard_balanced_orientation_paraphrase_sweep,age,1.182815991024411,young,0.0,False,False,-9.316741943359375,-8.48913288116455,-9.71478271484375,-10.23851203918457,-1.2256498336791992,2.1254813076191326,age-v1_3a-p0010-a_galapagos_tortoise-vs-a_horse,old,3.0,young_old,0.2295003937470382,0.5250606645119075,0.15414041515172078,0.09129852658933357,"For a galapagos tortoise, a typical lifespan is 150 years. Relative to that 150-year reference, an individual aged 10 years is best described as",relative_open_age,a,bierwisch_kennedy_age_v1_3_a,comparison_class_explicit,10 years,gradable_scalar,years,10
a galapagos tortoise,a horse,standard_explicit,0,same_scalar_different_explicit_standard_balanced_orientation_paraphrase_sweep,age,1.3092189962575231,youthful,1.0,False,False,-10.157087326049805,-10.284280776977539,-9.333673477172852,-9.517822265625,-0.18414878845214844,1.0797603507488303,age-v1_3a-p0010-a_galapagos_tortoise-vs-a_horse,young,0.0,young_old,0.16518236193102673,0.1454535274301142,0.37632906604242483,0.31303504459643433,"For a horse, a typical lifespan is 28 years. Relative to that 28-year reference, an individual aged 10 years is best described as",relative_open_age,b,bierwisch_kennedy_age_v1_3_a,comparison_class_explicit,10 years,gradable_scalar,years,10
a bowhead whale,a horse,standard_explicit,0,same_scalar_different_explicit_standard_balanced_orientation_paraphrase_sweep,age,1.3246615615025528,young,0.0,False,False,-9.499455451965332,-9.164839744567871,-9.91966438293457,-10.043992042541504,-0.7548246383666992,1.8633823466750798,age-v1_3a-p0010-a_bowhead_whale-vs-a_horse,old,3.0,young_old,0.2751468104658585,0.38449105275344864,0.18074656929767574,0.15961556748301708,"For a bowhead whale, a typical lifespan is 200 years. Relative to that 200-year reference, an individual aged 10 years is best described as",relative_open_age,a,bierwisch_kennedy_age_v1_3_a,comparison_class_explicit,10 years,gradable_scalar,years,10
a bowhead whale,a horse,standard_explicit,0,same_scalar_different_explicit_standard_balanced_orientation_paraphrase_sweep,age,1.3092189962575231,youthful,1.0,False,False,-10.157087326049805,-10.284280776977539,-9.333673477172852,-9.517822265625,-0.18414878845214844,1.0797603507488303,age-v1_3a-p0010-a_bowhead_whale-vs-a_horse,young,0.0,young_old,0.16518236193102673,0.1454535274301142,0.37632906604242483,0.31303504459643433,"For a horse, a typical lifespan is 28 years. Relative to that 28-year reference, an individual aged 10 years is best described as",relative_open_age,b,bierwisch_kennedy_age_v1_3_a,comparison_class_explicit,10 years,gradable_scalar,years,10
a domestic mouse,a horse,standard_explicit,0,same_scalar_different_explicit_standard_balanced_orientation_paraphrase_sweep,age,1.336596180908547,old,3.0,False,False,-9.613380432128906,-9.706239700317383,-9.033307075500488,-9.762001037597656,-0.6729326248168945,1.2273274843213318,age-v1_3a-p0018-a_domestic_mouse-vs-a_horse,young,0.0,young_old,0.21932771786897645,0.19987811818740897,0.39175646992246277,0.1890376940211519,"For a domestic mouse, a typical lifespan is 2 years. Relative to that 2-year reference, an individual aged 18 years is best described as",relative_open_age,a,bierwisch_kennedy_age_v1_3_a,comparison_class_explicit,18 years,gradable_scalar,years,18
a domestic mouse,a horse,standard_explicit,0,same_scalar_different_explicit_standard_balanced_orientation_paraphrase_sweep,age,1.3119800650133437,mature,2.0,False,False,-10.412919044494629,-10.53072738647461,-9.6707763671875,-9.672320365905762,-0.7421426773071289,1.1112795278847485,age-v1_3a-p0018-a_domestic_mouse-vs-a_horse,young,0.0,young_old,0.16429835194759668,0.1460392837448396,0.3450973915525275,0.3445649727550363,"For a horse, a typical lifespan is 28 years. Relative to that 28-year reference, an individual aged 18 years is best described as",relative_open_age,b,bierwisch_kennedy_age_v1_3_a,comparison_class_explicit,18 years,gradable_scalar,years,18
a domestic mouse,a human,standard_explicit,0,same_scalar_different_explicit_standard_balanced_orientation_paraphrase_sweep,age,1.336596180908547,old,3.0,False,False,-9.613380432128906,-9.706239700317383,-9.033307075500488,-9.762001037597656,-0.6729326248168945,1.2273274843213318,age-v1_3a-p0018-a_domestic_mouse-vs-a_human,young,0.0,young_old,0.21932771786897645,0.19987811818740897,0.39175646992246277,0.1890376940211519,"For a domestic mouse, a typical lifespan is 2 years. Relative to that 2-year reference, an individual aged 18 years is best described as",relative_open_age,a,bierwisch_kennedy_age_v1_3_a,comparison_class_explicit,18 years,gradable_scalar,years,18
a domestic mouse,a human,standard_explicit,0,same_scalar_different_explicit_standard_balanced_orientation_paraphrase_sweep,age,1.2067096441394503,youthful,1.0,False,False,-9.920608520507812,-8.769386291503906,-10.315924644470215,-9.683609008789062,-0.9142227172851562,2.0897401148775563,age-v1_3a-p0018-a_domestic_mouse-vs-a_human,old,3.0,young_old,0.1638548381750747,0.5181180602274497,0.11035084375241819,0.20767625784505736,"For a human, a typical lifespan is 80 years. Relative to that 80-year reference, an individual aged 18 years is best described as",relative_open_age,b,bierwisch_kennedy_age_v1_3_a,comparison_class_explicit,18 years,gradable_scalar,years,18
a galapagos tortoise,a domestic mouse,standard_explicit,0,same_scalar_different_explicit_standard_balanced_orientation_paraphrase_sweep,age,1.0909356623733262,young,0.0,False,False,-8.998695373535156,-8.86861801147461,-10.633514404296875,-10.916679382324219,-1.7648963928222656,2.2426784387665157,age-v1_3a-p0018-a_galapagos_tortoise-vs-a_domestic_mouse,old,3.0,young_old,0.4030946442791373,0.45909113693378634,0.0785984793801946,0.05921573940688165,"For a galapagos tortoise, a typical lifespan is 150 years. Relative to that 150-year reference, an individual aged 18 years is best described as",relative_open_age,a,bierwisch_kennedy_age_v1_3_a,comparison_class_explicit,18 years,gradable_scalar,years,18
a galapagos tortoise,a domestic mouse,standard_explicit,0,same_scalar_different_explicit_standard_balanced_orientation_paraphrase_sweep,age,1.336596180908547,old,3.0,False,False,-9.613380432128906,-9.706239700317383,-9.033307075500488,-9.762001037597656,-0.6729326248168945,1.2273274843213318,age-v1_3a-p0018-a_galapagos_tortoise-vs-a_domestic_mouse,young,0.0,young_old,0.21932771786897645,0.19987811818740897,0.39175646992246277,0.1890376940211519,"For a domestic mouse, a typical lifespan is 2 years. Relative to that 2-year reference, an individual aged 18 years is best described as",relative_open_age,b,bierwisch_kennedy_age_v1_3_a,comparison_class_explicit,18 years,gradable_scalar,years,18
a bowhead whale,a domestic mouse,standard_explicit,0,same_scalar_different_explicit_standard_balanced_orientation_paraphrase_sweep,age,1.2533227739348045,young,0.0,False,False,-9.681954383850098,-9.981651306152344,-11.079380989074707,-10.689740180969238,-1.3974266052246094,1.949667183069899,age-v1_3a-p0018-a_bowhead_whale-vs-a_domestic_mouse,mature,2.0,young_old,0.42493493005416927,0.3148949619672981,0.1050576709188664,0.15511243705966618,"For a bowhead whale, a typical lifespan is 200 years. Relative to that 200-year reference, an individual aged 18 years is best described as",relative_open_age,a,bierwisch_kennedy_age_v1_3_a,comparison_class_explicit,18 years,gradable_scalar,years,18
a bowhead whale,a domestic mouse,standard_explicit,0,same_scalar_different_explicit_standard_balanced_orientation_paraphrase_sweep,age,1.336596180908547,old,3.0,False,False,-9.613380432128906,-9.706239700317383,-9.033307075500488,-9.762001037597656,-0.6729326248168945,1.2273274843213318,age-v1_3a-p0018-a_bowhead_whale-vs-a_domestic_mouse,young,0.0,young_old,0.21932771786897645,0.19987811818740897,0.39175646992246277,0.1890376940211519,"For a domestic mouse, a typical lifespan is 2 years. Relative to that 2-year reference, an individual aged 18 years is best described as",relative_open_age,b,bierwisch_kennedy_age_v1_3_a,comparison_class_explicit,18 years,gradable_scalar,years,18
a horse,a domestic dog,standard_explicit,0,same_scalar_different_explicit_standard_balanced_orientation_paraphrase_sweep,age,1.3119800650133437,mature,2.0,False,False,-10.412919044494629,-10.53072738647461,-9.6707763671875,-9.672320365905762,-0.7421426773071289,1.1112795278847485,age-v1_3a-p0018-a_horse-vs-a_domestic_dog,young,0.0,young_old,0.16429835194759668,0.1460392837448396,0.3450973915525275,0.3445649727550363,"For a horse, a typical lifespan is 28 years. Relative to that 28-year reference, an individual aged 18 years is best described as",relative_open_age,a,bierwisch_kennedy_age_v1_3_a,comparison_class_explicit,18 years,gradable_scalar,years,18
a horse,a domestic dog,standard_explicit,0,same_scalar_different_explicit_standard_balanced_orientation_paraphrase_sweep,age,1.2193985460837327,old,3.0,False,False,-10.69642448425293,-11.274992942810059,-12.569259643554688,-11.516884803771973,-0.5785684585571289,1.9132545795352063,age-v1_3a-p0018-a_horse-vs-a_domestic_dog,mature,2.0,young_old,0.4641196661331592,0.2602321094872766,0.07132930557250608,0.2043189188070582,"For a domestic dog, a typical lifespan is 12 years. Relative to that 12-year reference, an individual aged 18 years is best described as",relative_open_age,b,bierwisch_kennedy_age_v1_3_a,comparison_class_explicit,18 years,gradable_scalar,years,18
a domestic dog,a human,standard_explicit,0,same_scalar_different_explicit_standard_balanced_orientation_paraphrase_sweep,age,1.2193985460837327,old,3.0,False,False,-10.69642448425293,-11.274992942810059,-12.569259643554688,-11.516884803771973,-0.5785684585571289,1.9132545795352063,age-v1_3a-p0018-a_domestic_dog-vs-a_human,mature,2.0,young_old,0.4641196661331592,0.2602321094872766,0.07132930557250608,0.2043189188070582,"For a domestic dog, a typical lifespan is 12 years. Relative to that 12-year reference, an individual aged 18 years is best described as",relative_open_age,a,bierwisch_kennedy_age_v1_3_a,comparison_class_explicit,18 years,gradable_scalar,years,18
a domestic dog,a human,standard_explicit,0,same_scalar_different_explicit_standard_balanced_orientation_paraphrase_sweep,age,1.2067096441394503,youthful,1.0,False,False,-9.920608520507812,-8.769386291503906,-10.315924644470215,-9.683609008789062,-0.9142227172851562,2.0897401148775563,age-v1_3a-p0018-a_domestic_dog-vs-a_human,old,3.0,young_old,0.1638548381750747,0.5181180602274497,0.11035084375241819,0.20767625784505736,"For a human, a typical lifespan is 80 years. Relative to that 80-year reference, an individual aged 18 years is best described as",relative_open_age,b,bierwisch_kennedy_age_v1_3_a,comparison_class_explicit,18 years,gradable_scalar,years,18
a domestic dog,a galapagos tortoise,standard_explicit,0,same_scalar_different_explicit_standard_balanced_orientation_paraphrase_sweep,age,1.2193985460837327,old,3.0,False,False,-10.69642448425293,-11.274992942810059,-12.569259643554688,-11.516884803771973,-0.5785684585571289,1.9132545795352063,age-v1_3a-p0018-a_domestic_dog-vs-a_galapagos_tortoise,mature,2.0,young_old,0.4641196661331592,0.2602321094872766,0.07132930557250608,0.2043189188070582,"For a domestic dog, a typical lifespan is 12 years. Relative to that 12-year reference, an individual aged 18 years is best described as",relative_open_age,a,bierwisch_kennedy_age_v1_3_a,comparison_class_explicit,18 years,gradable_scalar,years,18
a domestic dog,a galapagos tortoise,standard_explicit,0,same_scalar_different_explicit_standard_balanced_orientation_paraphrase_sweep,age,1.0909356623733262,young,0.0,False,False,-8.998695373535156,-8.86861801147461,-10.633514404296875,-10.916679382324219,-1.7648963928222656,2.2426784387665157,age-v1_3a-p0018-a_domestic_dog-vs-a_galapagos_tortoise,old,3.0,young_old,0.4030946442791373,0.45909113693378634,0.0785984793801946,0.05921573940688165,"For a galapagos tortoise, a typical lifespan is 150 years. Relative to that 150-year reference, an individual aged 18 years is best described as",relative_open_age,b,bierwisch_kennedy_age_v1_3_a,comparison_class_explicit,18 years,gradable_scalar,years,18
a domestic dog,a bowhead whale,standard_explicit,0,same_scalar_different_explicit_standard_balanced_orientation_paraphrase_sweep,age,1.2193985460837327,old,3.0,False,False,-10.69642448425293,-11.274992942810059,-12.569259643554688,-11.516884803771973,-0.5785684585571289,1.9132545795352063,age-v1_3a-p0018-a_domestic_dog-vs-a_bowhead_whale,mature,2.0,young_old,0.4641196661331592,0.2602321094872766,0.07132930557250608,0.2043189188070582,"For a domestic dog, a typical lifespan is 12 years. Relative to that 12-year reference, an individual aged 18 years is best described as",relative_open_age,a,bierwisch_kennedy_age_v1_3_a,comparison_class_explicit,18 years,gradable_scalar,years,18
a domestic dog,a bowhead whale,standard_explicit,0,same_scalar_different_explicit_standard_balanced_orientation_paraphrase_sweep,age,1.2533227739348045,young,0.0,False,False,-9.681954383850098,-9.981651306152344,-11.079380989074707,-10.689740180969238,-1.3974266052246094,1.949667183069899,age-v1_3a-p0018-a_domestic_dog-vs-a_bowhead_whale,mature,2.0,young_old,0.42493493005416927,0.3148949619672981,0.1050576709188664,0.15511243705966618,"For a bowhead whale, a typical lifespan is 200 years. Relative to that 200-year reference, an individual aged 18 years is best described as",relative_open_age,b,bierwisch_kennedy_age_v1_3_a,comparison_class_explicit,18 years,gradable_scalar,years,18
a human,a horse,standard_explicit,0,same_scalar_different_explicit_standard_balanced_orientation_paraphrase_sweep,age,1.2067096441394503,youthful,1.0,False,False,-9.920608520507812,-8.769386291503906,-10.315924644470215,-9.683609008789062,-0.9142227172851562,2.0897401148775563,age-v1_3a-p0018-a_human-vs-a_horse,old,3.0,young_old,0.1638548381750747,0.5181180602274497,0.11035084375241819,0.20767625784505736,"For a human, a typical lifespan is 80 years. Relative to that 80-year reference, an individual aged 18 years is best described as",relative_open_age,a,bierwisch_kennedy_age_v1_3_a,comparison_class_explicit,18 years,gradable_scalar,years,18
a human,a horse,standard_explicit,0,same_scalar_different_explicit_standard_balanced_orientation_paraphrase_sweep,age,1.3119800650133437,mature,2.0,False,False,-10.412919044494629,-10.53072738647461,-9.6707763671875,-9.672320365905762,-0.7421426773071289,1.1112795278847485,age-v1_3a-p0018-a_human-vs-a_horse,young,0.0,young_old,0.16429835194759668,0.1460392837448396,0.3450973915525275,0.3445649727550363,"For a horse, a typical lifespan is 28 years. Relative to that 28-year reference, an individual aged 18 years is best described as",relative_open_age,b,bierwisch_kennedy_age_v1_3_a,comparison_class_explicit,18 years,gradable_scalar,years,18
a galapagos tortoise,a horse,standard_explicit,0,same_scalar_different_explicit_standard_balanced_orientation_paraphrase_sweep,age,1.0909356623733262,young,0.0,False,False,-8.998695373535156,-8.86861801147461,-10.633514404296875,-10.916679382324219,-1.7648963928222656,2.2426784387665157,age-v1_3a-p0018-a_galapagos_tortoise-vs-a_horse,old,3.0,young_old,0.4030946442791373,0.45909113693378634,0.0785984793801946,0.05921573940688165,"For a galapagos tortoise, a typical lifespan is 150 years. Relative to that 150-year reference, an individual aged 18 years is best described as",relative_open_age,a,bierwisch_kennedy_age_v1_3_a,comparison_class_explicit,18 years,gradable_scalar,years,18
a galapagos tortoise,a horse,standard_explicit,0,same_scalar_different_explicit_standard_balanced_orientation_paraphrase_sweep,age,1.3119800650133437,mature,2.0,False,False,-10.412919044494629,-10.53072738647461,-9.6707763671875,-9.672320365905762,-0.7421426773071289,1.1112795278847485,age-v1_3a-p0018-a_galapagos_tortoise-vs-a_horse,young,0.0,young_old,0.16429835194759668,0.1460392837448396,0.3450973915525275,0.3445649727550363,"For a horse, a typical lifespan is 28 years. Relative to that 28-year reference, an individual aged 18 years is best described as",relative_open_age,b,bierwisch_kennedy_age_v1_3_a,comparison_class_explicit,18 years,gradable_scalar,years,18
a bowhead whale,a horse,standard_explicit,0,same_scalar_different_explicit_standard_balanced_orientation_paraphrase_sweep,age,1.2533227739348045,young,0.0,False,False,-9.681954383850098,-9.981651306152344,-11.079380989074707,-10.689740180969238,-1.3974266052246094,1.949667183069899,age-v1_3a-p0018-a_bowhead_whale-vs-a_horse,mature,2.0,young_old,0.42493493005416927,0.3148949619672981,0.1050576709188664,0.15511243705966618,"For a bowhead whale, a typical lifespan is 200 years. Relative to that 200-year reference, an individual aged 18 years is best described as",relative_open_age,a,bierwisch_kennedy_age_v1_3_a,comparison_class_explicit,18 years,gradable_scalar,years,18
a bowhead whale,a horse,standard_explicit,0,same_scalar_different_explicit_standard_balanced_orientation_paraphrase_sweep,age,1.3119800650133437,mature,2.0,False,False,-10.412919044494629,-10.53072738647461,-9.6707763671875,-9.672320365905762,-0.7421426773071289,1.1112795278847485,age-v1_3a-p0018-a_bowhead_whale-vs-a_horse,young,0.0,young_old,0.16429835194759668,0.1460392837448396,0.3450973915525275,0.3445649727550363,"For a horse, a typical lifespan is 28 years. Relative to that 28-year reference, an individual aged 18 years is best described as",relative_open_age,b,bierwisch_kennedy_age_v1_3_a,comparison_class_explicit,18 years,gradable_scalar,years,18
a galapagos tortoise,a human,standard_explicit,0,same_scalar_different_explicit_standard_balanced_orientation_paraphrase_sweep,age,1.0909356623733262,young,0.0,False,False,-8.998695373535156,-8.86861801147461,-10.633514404296875,-10.916679382324219,-1.7648963928222656,2.2426784387665157,age-v1_3a-p0018-a_galapagos_tortoise-vs-a_human,old,3.0,young_old,0.4030946442791373,0.45909113693378634,0.0785984793801946,0.05921573940688165,"For a galapagos tortoise, a typical lifespan is 150 years. Relative to that 150-year reference, an individual aged 18 years is best described as",relative_open_age,a,bierwisch_kennedy_age_v1_3_a,comparison_class_explicit,18 years,gradable_scalar,years,18
a galapagos tortoise,a human,standard_explicit,0,same_scalar_different_explicit_standard_balanced_orientation_paraphrase_sweep,age,1.2067096441394503,youthful,1.0,False,False,-9.920608520507812,-8.769386291503906,-10.315924644470215,-9.683609008789062,-0.9142227172851562,2.0897401148775563,age-v1_3a-p0018-a_galapagos_tortoise-vs-a_human,old,3.0,young_old,0.1638548381750747,0.5181180602274497,0.11035084375241819,0.20767625784505736,"For a human, a typical lifespan is 80 years. Relative to that 80-year reference, an individual aged 18 years is best described as",relative_open_age,b,bierwisch_kennedy_age_v1_3_a,comparison_class_explicit,18 years,gradable_scalar,years,18
a human,a bowhead whale,standard_explicit,0,same_scalar_different_explicit_standard_balanced_orientation_paraphrase_sweep,age,1.2067096441394503,youthful,1.0,False,False,-9.920608520507812,-8.769386291503906,-10.315924644470215,-9.683609008789062,-0.9142227172851562,2.0897401148775563,age-v1_3a-p0018-a_human-vs-a_bowhead_whale,old,3.0,young_old,0.1638548381750747,0.5181180602274497,0.11035084375241819,0.20767625784505736,"For a human, a typical lifespan is 80 years. Relative to that 80-year reference, an individual aged 18 years is best described as",relative_open_age,a,bierwisch_kennedy_age_v1_3_a,comparison_class_explicit,18 years,gradable_scalar,years,18
a human,a bowhead whale,standard_explicit,0,same_scalar_different_explicit_standard_balanced_orientation_paraphrase_sweep,age,1.2533227739348045,young,0.0,False,False,-9.681954383850098,-9.981651306152344,-11.079380989074707,-10.689740180969238,-1.3974266052246094,1.949667183069899,age-v1_3a-p0018-a_human-vs-a_bowhead_whale,mature,2.0,young_old,0.42493493005416927,0.3148949619672981,0.1050576709188664,0.15511243705966618,"For a bowhead whale, a typical lifespan is 200 years. Relative to that 200-year reference, an individual aged 18 years is best described as",relative_open_age,b,bierwisch_kennedy_age_v1_3_a,comparison_class_explicit,18 years,gradable_scalar,years,18
a human,a domestic mouse,standard_explicit,0,same_scalar_different_explicit_standard_balanced_orientation_paraphrase_sweep,age,0.9331783666011294,youthful,1.0,False,False,-9.835602760314941,-8.403167724609375,-11.06099796295166,-10.312228202819824,-1.9090604782104492,2.4883715379955587,age-v1_3a-p0030-a_human-vs-a_domestic_mouse,old,3.0,young_old,0.16384300879000083,0.6863198286397552,0.04811112807395243,0.10172603449629156,"For a human, a typical lifespan is 80 years. Relative to that 80-year reference, an individual aged 30 years is best described as",relative_open_age,a,bierwisch_kennedy_age_v1_3_a,comparison_class_explicit,30 years,gradable_scalar,years,30
a human,a domestic mouse,standard_explicit,1,same_scalar_different_explicit_standard_balanced_orientation_paraphrase_sweep,age,1.287855370256928,old,3.0,False,False,-9.878445625305176,-9.180500030517578,-9.865952491760254,-10.421245574951172,0.6854524612426758,1.8703884937674524,age-v1_3a-p0030-a_human-vs-a_domestic_mouse,old,3.0,young_old,0.21723497744805817,0.4365597315063681,0.21996594669334218,0.12623934435223153,"For a domestic mouse, a typical lifespan is 2 years. Relative to that 2-year reference, an individual aged 30 years is best described as",relative_open_age,b,bierwisch_kennedy_age_v1_3_a,comparison_class_explicit,30 years,gradable_scalar,years,30
a domestic mouse,a galapagos tortoise,standard_explicit,1,same_scalar_different_explicit_standard_balanced_orientation_paraphrase_sweep,age,1.287855370256928,old,3.0,False,False,-9.878445625305176,-9.180500030517578,-9.865952491760254,-10.421245574951172,0.6854524612426758,1.8703884937674524,age-v1_3a-p0030-a_domestic_mouse-vs-a_galapagos_tortoise,old,3.0,young_old,0.21723497744805817,0.4365597315063681,0.21996594669334218,0.12623934435223153,"For a domestic mouse, a typical lifespan is 2 years. Relative to that 2-year reference, an individual aged 30 years is best described as",relative_open_age,a,bierwisch_kennedy_age_v1_3_a,comparison_class_explicit,30 years,gradable_scalar,years,30
a domestic mouse,a galapagos tortoise,standard_explicit,0,same_scalar_different_explicit_standard_balanced_orientation_paraphrase_sweep,age,1.0426279389366262,youthful,1.0,False,False,-9.391654014587402,-8.932881355285645,-11.056950569152832,-11.153448104858398,-2.220566749572754,2.3507049519124035,age-v1_3a-p0030-a_domestic_mouse-vs-a_galapagos_tortoise,old,3.0,young_old,0.3397890977842846,0.5375908579760544,0.0642658618239902,0.05835418241567074,"For a galapagos tortoise, a typical lifespan is 150 years. Relative to that 150-year reference, an individual aged 30 years is best described as",relative_open_age,b,bierwisch_kennedy_age_v1_3_a,comparison_class_explicit,30 years,gradable_scalar,years,30
a domestic mouse,a bowhead whale,standard_explicit,1,same_scalar_different_explicit_standard_balanced_orientation_paraphrase_sweep,age,1.287855370256928,old,3.0,False,False,-9.878445625305176,-9.180500030517578,-9.865952491760254,-10.421245574951172,0.6854524612426758,1.8703884937674524,age-v1_3a-p0030-a_domestic_mouse-vs-a_bowhead_whale,old,3.0,young_old,0.21723497744805817,0.4365597315063681,0.21996594669334218,0.12623934435223153,"For a domestic mouse, a typical lifespan is 2 years. Relative to that 2-year reference, an individual aged 30 years is best described as",relative_open_age,a,bierwisch_kennedy_age_v1_3_a,comparison_class_explicit,30 years,gradable_scalar,years,30
a domestic mouse,a bowhead whale,standard_explicit,0,same_scalar_different_explicit_standard_balanced_orientation_paraphrase_sweep,age,1.2279013323642929,young,0.0,False,False,-9.613945007324219,-9.331799507141113,-10.666853904724121,-10.64720344543457,-1.3350543975830078,2.089840636561474,age-v1_3a-p0030-a_domestic_mouse-vs-a_bowhead_whale,old,3.0,young_old,0.32995258427934065,0.43750776767164323,0.11512748306115365,0.11741216498786224,"For a bowhead whale, a typical lifespan is 200 years. Relative to that 200-year reference, an individual aged 30 years is best described as",relative_open_age,b,bierwisch_kennedy_age_v1_3_a,comparison_class_explicit,30 years,gradable_scalar,years,30
a domestic dog,a human,standard_explicit,0,same_scalar_different_explicit_standard_balanced_orientation_paraphrase_sweep,age,1.1125138311517575,old,3.0,False,False,-11.562389373779297,-11.653905868530273,-13.879712104797363,-12.90346622467041,-0.09151649475097656,2.1997267040103954,age-v1_3a-p0030-a_domestic_dog-vs-a_human,mature,2.0,young_old,0.440015510690101,0.4015345102962776,0.043357827272261416,0.11509215174135987,"For a domestic dog, a typical lifespan is 12 years. Relative to that 12-year reference, an individual aged 30 years is best described as",relative_open_age,a,bierwisch_kennedy_age_v1_3_a,comparison_class_explicit,30 years,gradable_scalar,years,30
a domestic dog,a human,standard_explicit,0,same_scalar_different_explicit_standard_balanced_orientation_paraphrase_sweep,age,0.9331783666011294,youthful,1.0,False,False,-9.835602760314941,-8.403167724609375,-11.06099796295166,-10.312228202819824,-1.9090604782104492,2.4883715379955587,age-v1_3a-p0030-a_domestic_dog-vs-a_human,old,3.0,young_old,0.16384300879000083,0.6863198286397552,0.04811112807395243,0.10172603449629156,"For a human, a typical lifespan is 80 years. Relative to that 80-year reference, an individual aged 30 years is best described as",relative_open_age,b,bierwisch_kennedy_age_v1_3_a,comparison_class_explicit,30 years,gradable_scalar,years,30
a domestic dog,a galapagos tortoise,standard_explicit,0,same_scalar_different_explicit_standard_balanced_orientation_paraphrase_sweep,age,1.1125138311517575,old,3.0,False,False,-11.562389373779297,-11.653905868530273,-13.879712104797363,-12.90346622467041,-0.09151649475097656,2.1997267040103954,age-v1_3a-p0030-a_domestic_dog-vs-a_galapagos_tortoise,mature,2.0,young_old,0.440015510690101,0.4015345102962776,0.043357827272261416,0.11509215174135987,"For a domestic dog, a typical lifespan is 12 years. Relative to that 12-year reference, an individual aged 30 years is best described as",relative_open_age,a,bierwisch_kennedy_age_v1_3_a,comparison_class_explicit,30 years,gradable_scalar,years,30
a domestic dog,a galapagos tortoise,standard_explicit,0,same_scalar_different_explicit_standard_balanced_orientation_paraphrase_sweep,age,1.0426279389366262,youthful,1.0,False,False,-9.391654014587402,-8.932881355285645,-11.056950569152832,-11.153448104858398,-2.220566749572754,2.3507049519124035,age-v1_3a-p0030-a_domestic_dog-vs-a_galapagos_tortoise,old,3.0,young_old,0.3397890977842846,0.5375908579760544,0.0642658618239902,0.05835418241567074,"For a galapagos tortoise, a typical lifespan is 150 years. Relative to that 150-year reference, an individual aged 30 years is best described as",relative_open_age,b,bierwisch_kennedy_age_v1_3_a,comparison_class_explicit,30 years,gradable_scalar,years,30
a bowhead whale,a domestic dog,standard_explicit,0,same_scalar_different_explicit_standard_balanced_orientation_paraphrase_sweep,age,1.2279013323642929,young,0.0,False,False,-9.613945007324219,-9.331799507141113,-10.666853904724121,-10.64720344543457,-1.3350543975830078,2.089840636561474,age-v1_3a-p0030-a_bowhead_whale-vs-a_domestic_dog,old,3.0,young_old,0.32995258427934065,0.43750776767164323,0.11512748306115365,0.11741216498786224,"For a bowhead whale, a typical lifespan is 200 years. Relative to that 200-year reference, an individual aged 30 years is best described as",relative_open_age,a,bierwisch_kennedy_age_v1_3_a,comparison_class_explicit,30 years,gradable_scalar,years,30
a bowhead whale,a domestic dog,standard_explicit,0,same_scalar_different_explicit_standard_balanced_orientation_paraphrase_sweep,age,1.1125138311517575,old,3.0,False,False,-11.562389373779297,-11.653905868530273,-13.879712104797363,-12.90346622467041,-0.09151649475097656,2.1997267040103954,age-v1_3a-p0030-a_bowhead_whale-vs-a_domestic_dog,mature,2.0,young_old,0.440015510690101,0.4015345102962776,0.043357827272261416,0.11509215174135987,"For a domestic dog, a typical lifespan is 12 years. Relative to that 12-year reference, an individual aged 30 years is best described as",relative_open_age,b,bierwisch_kennedy_age_v1_3_a,comparison_class_explicit,30 years,gradable_scalar,years,30
a human,a horse,standard_explicit,0,same_scalar_different_explicit_standard_balanced_orientation_paraphrase_sweep,age,0.9331783666011294,youthful,1.0,False,False,-9.835602760314941,-8.403167724609375,-11.06099796295166,-10.312228202819824,-1.9090604782104492,2.4883715379955587,age-v1_3a-p0030-a_human-vs-a_horse,old,3.0,young_old,0.16384300879000083,0.6863198286397552,0.04811112807395243,0.10172603449629156,"For a human, a typical lifespan is 80 years. Relative to that 80-year reference, an individual aged 30 years is best described as",relative_open_age,a,bierwisch_kennedy_age_v1_3_a,comparison_class_explicit,30 years,gradable_scalar,years,30
a human,a horse,standard_explicit,0,same_scalar_different_explicit_standard_balanced_orientation_paraphrase_sweep,age,1.3832380775335786,old,3.0,False,False,-9.668863296508789,-9.785146713256836,-9.80574893951416,-9.61924934387207,-0.16589736938476562,1.5004711937963813,age-v1_3a-p0030-a_human-vs-a_horse,youthful,1.0,young_old,0.2622498088480958,0.2334607810211134,0.2287001770939413,0.27558923303684957,"For a horse, a typical lifespan is 28 years. Relative to that 28-year reference, an individual aged 30 years is best described as",relative_open_age,b,bierwisch_kennedy_age_v1_3_a,comparison_class_explicit,30 years,gradable_scalar,years,30
a galapagos tortoise,a horse,standard_explicit,0,same_scalar_different_explicit_standard_balanced_orientation_paraphrase_sweep,age,1.0426279389366262,youthful,1.0,False,False,-9.391654014587402,-8.932881355285645,-11.056950569152832,-11.153448104858398,-2.220566749572754,2.3507049519124035,age-v1_3a-p0030-a_galapagos_tortoise-vs-a_horse,old,3.0,young_old,0.3397890977842846,0.5375908579760544,0.0642658618239902,0.05835418241567074,"For a galapagos tortoise, a typical lifespan is 150 years. Relative to that 150-year reference, an individual aged 30 years is best described as",relative_open_age,a,bierwisch_kennedy_age_v1_3_a,comparison_class_explicit,30 years,gradable_scalar,years,30
a galapagos tortoise,a horse,standard_explicit,0,same_scalar_different_explicit_standard_balanced_orientation_paraphrase_sweep,age,1.3832380775335786,old,3.0,False,False,-9.668863296508789,-9.785146713256836,-9.80574893951416,-9.61924934387207,-0.16589736938476562,1.5004711937963813,age-v1_3a-p0030-a_galapagos_tortoise-vs-a_horse,youthful,1.0,young_old,0.2622498088480958,0.2334607810211134,0.2287001770939413,0.27558923303684957,"For a horse, a typical lifespan is 28 years. Relative to that 28-year reference, an individual aged 30 years is best described as",relative_open_age,b,bierwisch_kennedy_age_v1_3_a,comparison_class_explicit,30 years,gradable_scalar,years,30
a bowhead whale,a horse,standard_explicit,0,same_scalar_different_explicit_standard_balanced_orientation_paraphrase_sweep,age,1.2279013323642929,young,0.0,False,False,-9.613945007324219,-9.331799507141113,-10.666853904724121,-10.64720344543457,-1.3350543975830078,2.089840636561474,age-v1_3a-p0030-a_bowhead_whale-vs-a_horse,old,3.0,young_old,0.32995258427934065,0.43750776767164323,0.11512748306115365,0.11741216498786224,"For a bowhead whale, a typical lifespan is 200 years. Relative to that 200-year reference, an individual aged 30 years is best described as",relative_open_age,a,bierwisch_kennedy_age_v1_3_a,comparison_class_explicit,30 years,gradable_scalar,years,30
a bowhead whale,a horse,standard_explicit,0,same_scalar_different_explicit_standard_balanced_orientation_paraphrase_sweep,age,1.3832380775335786,old,3.0,False,False,-9.668863296508789,-9.785146713256836,-9.80574893951416,-9.61924934387207,-0.16589736938476562,1.5004711937963813,age-v1_3a-p0030-a_bowhead_whale-vs-a_horse,youthful,1.0,young_old,0.2622498088480958,0.2334607810211134,0.2287001770939413,0.27558923303684957,"For a horse, a typical lifespan is 28 years. Relative to that 28-year reference, an individual aged 30 years is best described as",relative_open_age,b,bierwisch_kennedy_age_v1_3_a,comparison_class_explicit,30 years,gradable_scalar,years,30
a human,a bowhead whale,standard_explicit,0,same_scalar_different_explicit_standard_balanced_orientation_paraphrase_sweep,age,0.9331783666011294,youthful,1.0,False,False,-9.835602760314941,-8.403167724609375,-11.06099796295166,-10.312228202819824,-1.9090604782104492,2.4883715379955587,age-v1_3a-p0030-a_human-vs-a_bowhead_whale,old,3.0,young_old,0.16384300879000083,0.6863198286397552,0.04811112807395243,0.10172603449629156,"For a human, a typical lifespan is 80 years. Relative to that 80-year reference, an individual aged 30 years is best described as",relative_open_age,a,bierwisch_kennedy_age_v1_3_a,comparison_class_explicit,30 years,gradable_scalar,years,30
a human,a bowhead whale,standard_explicit,0,same_scalar_different_explicit_standard_balanced_orientation_paraphrase_sweep,age,1.2279013323642929,young,0.0,False,False,-9.613945007324219,-9.331799507141113,-10.666853904724121,-10.64720344543457,-1.3350543975830078,2.089840636561474,age-v1_3a-p0030-a_human-vs-a_bowhead_whale,old,3.0,young_old,0.32995258427934065,0.43750776767164323,0.11512748306115365,0.11741216498786224,"For a bowhead whale, a typical lifespan is 200 years. Relative to that 200-year reference, an individual aged 30 years is best described as",relative_open_age,b,bierwisch_kennedy_age_v1_3_a,comparison_class_explicit,30 years,gradable_scalar,years,30
a bowhead whale,a galapagos tortoise,standard_explicit,0,same_scalar_different_explicit_standard_balanced_orientation_paraphrase_sweep,age,1.2279013323642929,young,0.0,False,False,-9.613945007324219,-9.331799507141113,-10.666853904724121,-10.64720344543457,-1.3350543975830078,2.089840636561474,age-v1_3a-p0030-a_bowhead_whale-vs-a_galapagos_tortoise,old,3.0,young_old,0.32995258427934065,0.43750776767164323,0.11512748306115365,0.11741216498786224,"For a bowhead whale, a typical lifespan is 200 years. Relative to that 200-year reference, an individual aged 30 years is best described as",relative_open_age,a,bierwisch_kennedy_age_v1_3_a,comparison_class_explicit,30 years,gradable_scalar,years,30
a bowhead whale,a galapagos tortoise,standard_explicit,0,same_scalar_different_explicit_standard_balanced_orientation_paraphrase_sweep,age,1.0426279389366262,youthful,1.0,False,False,-9.391654014587402,-8.932881355285645,-11.056950569152832,-11.153448104858398,-2.220566749572754,2.3507049519124035,age-v1_3a-p0030-a_bowhead_whale-vs-a_galapagos_tortoise,old,3.0,young_old,0.3397890977842846,0.5375908579760544,0.0642658618239902,0.05835418241567074,"For a galapagos tortoise, a typical lifespan is 150 years. Relative to that 150-year reference, an individual aged 30 years is best described as",relative_open_age,b,bierwisch_kennedy_age_v1_3_a,comparison_class_explicit,30 years,gradable_scalar,years,30
a human,a domestic mouse,standard_explicit,0,same_scalar_different_explicit_standard_balanced_orientation_paraphrase_sweep,age,0.9790896502383538,mature,2.0,False,False,-10.473578453063965,-8.314189910888672,-10.303711891174316,-9.74140453338623,-2.159388542175293,2.3260447025004063,age-v1_3a-p0055-a_human-vs-a_domestic_mouse,old,3.0,young_old,0.07733604836170206,0.670181608208078,0.09165456227745197,0.16082778115276802,"For a human, a typical lifespan is 80 years. Relative to that 80-year reference, an individual aged 55 years is best described as",relative_open_age,a,bierwisch_kennedy_age_v1_3_a,comparison_class_explicit,55 years,gradable_scalar,years,55
a human,a domestic mouse,standard_explicit,1,same_scalar_different_explicit_standard_balanced_orientation_paraphrase_sweep,age,1.2652202578776086,old,3.0,False,False,-9.92069149017334,-9.50721549987793,-10.465564727783203,-10.853020668029785,0.41347599029541016,1.9881221008009837,age-v1_3a-p0055-a_human-vs-a_domestic_mouse,old,3.0,young_old,0.28689336277124705,0.4338012928686621,0.16637384770758748,0.11293149665250338,"For a domestic mouse, a typical lifespan is 2 years. Relative to that 2-year reference, an individual aged 55 years is best described as",relative_open_age,b,bierwisch_kennedy_age_v1_3_a,comparison_class_explicit,55 years,gradable_scalar,years,55
a galapagos tortoise,a domestic mouse,standard_explicit,0,same_scalar_different_explicit_standard_balanced_orientation_paraphrase_sweep,age,1.081473400377615,youthful,1.0,False,False,-9.45430850982666,-8.909769058227539,-10.82972240447998,-10.967511177062988,-2.057742118835449,2.3122358194622525,age-v1_3a-p0055-a_galapagos_tortoise-vs-a_domestic_mouse,old,3.0,young_old,0.3128174239866693,0.5392391486368231,0.079059901798063,0.06888352557844454,"For a galapagos tortoise, a typical lifespan is 150 years. Relative to that 150-year reference, an individual aged 55 years is best described as",relative_open_age,a,bierwisch_kennedy_age_v1_3_a,comparison_class_explicit,55 years,gradable_scalar,years,55
a galapagos tortoise,a domestic mouse,standard_explicit,1,same_scalar_different_explicit_standard_balanced_orientation_paraphrase_sweep,age,1.2652202578776086,old,3.0,False,False,-9.92069149017334,-9.50721549987793,-10.465564727783203,-10.853020668029785,0.41347599029541016,1.9881221008009837,age-v1_3a-p0055-a_galapagos_tortoise-vs-a_domestic_mouse,old,3.0,young_old,0.28689336277124705,0.4338012928686621,0.16637384770758748,0.11293149665250338,"For a domestic mouse, a typical lifespan is 2 years. Relative to that 2-year reference, an individual aged 55 years is best described as",relative_open_age,b,bierwisch_kennedy_age_v1_3_a,comparison_class_explicit,55 years,gradable_scalar,years,55
a domestic mouse,a bowhead whale,standard_explicit,1,same_scalar_different_explicit_standard_balanced_orientation_paraphrase_sweep,age,1.2652202578776086,old,3.0,False,False,-9.92069149017334,-9.50721549987793,-10.465564727783203,-10.853020668029785,0.41347599029541016,1.9881221008009837,age-v1_3a-p0055-a_domestic_mouse-vs-a_bowhead_whale,old,3.0,young_old,0.28689336277124705,0.4338012928686621,0.16637384770758748,0.11293149665250338,"For a domestic mouse, a typical lifespan is 2 years. Relative to that 2-year reference, an individual aged 55 years is best described as",relative_open_age,a,bierwisch_kennedy_age_v1_3_a,comparison_class_explicit,55 years,gradable_scalar,years,55
a domestic mouse,a bowhead whale,standard_explicit,0,same_scalar_different_explicit_standard_balanced_orientation_paraphrase_sweep,age,1.2757281264003013,youthful,1.0,False,False,-10.327178955078125,-10.179936408996582,-11.325241088867188,-11.149503707885742,-0.9695672988891602,1.9939459849279952,age-v1_3a-p0055-a_domestic_mouse-vs-a_bowhead_whale,old,3.0,young_old,0.33708203002304393,0.39055502144644616,0.1242460879879409,0.148116860542569,"For a bowhead whale, a typical lifespan is 200 years. Relative to that 200-year reference, an individual aged 55 years is best described as",relative_open_age,b,bierwisch_kennedy_age_v1_3_a,comparison_class_explicit,55 years,gradable_scalar,years,55
a human,a domestic dog,standard_explicit,0,same_scalar_different_explicit_standard_balanced_orientation_paraphrase_sweep,age,0.9790896502383538,mature,2.0,False,False,-10.473578453063965,-8.314189910888672,-10.303711891174316,-9.74140453338623,-2.159388542175293,2.3260447025004063,age-v1_3a-p0055-a_human-vs-a_domestic_dog,old,3.0,young_old,0.07733604836170206,0.670181608208078,0.09165456227745197,0.16082778115276802,"For a human, a typical lifespan is 80 years. Relative to that 80-year reference, an individual aged 55 years is best described as",relative_open_age,a,bierwisch_kennedy_age_v1_3_a,comparison_class_explicit,55 years,gradable_scalar,years,55
a human,a domestic dog,standard_explicit,0,same_scalar_different_explicit_standard_balanced_orientation_paraphrase_sweep,age,1.0981085781591096,old,3.0,False,False,-11.461636543273926,-11.901843070983887,-13.71979808807373,-13.077370643615723,-0.44020652770996094,2.121238100511862,age-v1_3a-p0055-a_human-vs-a_domestic_dog,mature,2.0,young_old,0.5135603962118482,0.3306832972692937,0.05368889023857362,0.10206741628028441,"For a domestic dog, a typical lifespan is 12 years. Relative to that 12-year reference, an individual aged 55 years is best described as",relative_open_age,b,bierwisch_kennedy_age_v1_3_a,comparison_class_explicit,55 years,gradable_scalar,years,55
a galapagos tortoise,a domestic dog,standard_explicit,0,same_scalar_different_explicit_standard_balanced_orientation_paraphrase_sweep,age,1.081473400377615,youthful,1.0,False,False,-9.45430850982666,-8.909769058227539,-10.82972240447998,-10.967511177062988,-2.057742118835449,2.3122358194622525,age-v1_3a-p0055-a_galapagos_tortoise-vs-a_domestic_dog,old,3.0,young_old,0.3128174239866693,0.5392391486368231,0.079059901798063,0.06888352557844454,"For a galapagos tortoise, a typical lifespan is 150 years. Relative to that 150-year reference, an individual aged 55 years is best described as",relative_open_age,a,bierwisch_kennedy_age_v1_3_a,comparison_class_explicit,55 years,gradable_scalar,years,55
a galapagos tortoise,a domestic dog,standard_explicit,0,same_scalar_different_explicit_standard_balanced_orientation_paraphrase_sweep,age,1.0981085781591096,old,3.0,False,False,-11.461636543273926,-11.901843070983887,-13.71979808807373,-13.077370643615723,-0.44020652770996094,2.121238100511862,age-v1_3a-p0055-a_galapagos_tortoise-vs-a_domestic_dog,mature,2.0,young_old,0.5135603962118482,0.3306832972692937,0.05368889023857362,0.10206741628028441,"For a domestic dog, a typical lifespan is 12 years. Relative to that 12-year reference, an individual aged 55 years is best described as",relative_open_age,b,bierwisch_kennedy_age_v1_3_a,comparison_class_explicit,55 years,gradable_scalar,years,55
a bowhead whale,a domestic dog,standard_explicit,0,same_scalar_different_explicit_standard_balanced_orientation_paraphrase_sweep,age,1.2757281264003013,youthful,1.0,False,False,-10.327178955078125,-10.179936408996582,-11.325241088867188,-11.149503707885742,-0.9695672988891602,1.9939459849279952,age-v1_3a-p0055-a_bowhead_whale-vs-a_domestic_dog,old,3.0,young_old,0.33708203002304393,0.39055502144644616,0.1242460879879409,0.148116860542569,"For a bowhead whale, a typical lifespan is 200 years. Relative to that 200-year reference, an individual aged 55 years is best described as",relative_open_age,a,bierwisch_kennedy_age_v1_3_a,comparison_class_explicit,55 years,gradable_scalar,years,55
a bowhead whale,a domestic dog,standard_explicit,0,same_scalar_different_explicit_standard_balanced_orientation_paraphrase_sweep,age,1.0981085781591096,old,3.0,False,False,-11.461636543273926,-11.901843070983887,-13.71979808807373,-13.077370643615723,-0.44020652770996094,2.121238100511862,age-v1_3a-p0055-a_bowhead_whale-vs-a_domestic_dog,mature,2.0,young_old,0.5135603962118482,0.3306832972692937,0.05368889023857362,0.10206741628028441,"For a domestic dog, a typical lifespan is 12 years. Relative to that 12-year reference, an individual aged 55 years is best described as",relative_open_age,b,bierwisch_kennedy_age_v1_3_a,comparison_class_explicit,55 years,gradable_scalar,years,55
a human,a horse,standard_explicit,0,same_scalar_different_explicit_standard_balanced_orientation_paraphrase_sweep,age,0.9790896502383538,mature,2.0,False,False,-10.473578453063965,-8.314189910888672,-10.303711891174316,-9.74140453338623,-2.159388542175293,2.3260447025004063,age-v1_3a-p0055-a_human-vs-a_horse,old,3.0,young_old,0.07733604836170206,0.670181608208078,0.09165456227745197,0.16082778115276802,"For a human, a typical lifespan is 80 years. Relative to that 80-year reference, an individual aged 55 years is best described as",relative_open_age,a,bierwisch_kennedy_age_v1_3_a,comparison_class_explicit,55 years,gradable_scalar,years,55
a human,a horse,standard_explicit,1,same_scalar_different_explicit_standard_balanced_orientation_paraphrase_sweep,age,1.37571415270496,old,3.0,False,False,-10.249726295471191,-9.91031551361084,-10.22684097290039,-10.211016654968262,0.3007011413574219,1.623517862461063,age-v1_3a-p0055-a_human-vs-a_horse,old,3.0,young_old,0.22387702994871728,0.3143502183796505,0.22905960424695523,0.23271314742467702,"For a horse, a typical lifespan is 28 years. Relative to that 28-year reference, an individual aged 55 years is best described as",relative_open_age,b,bierwisch_kennedy_age_v1_3_a,comparison_class_explicit,55 years,gradable_scalar,years,55
a horse,a galapagos tortoise,standard_explicit,1,same_scalar_different_explicit_standard_balanced_orientation_paraphrase_sweep,age,1.37571415270496,old,3.0,False,False,-10.249726295471191,-9.91031551361084,-10.22684097290039,-10.211016654968262,0.3007011413574219,1.623517862461063,age-v1_3a-p0055-a_horse-vs-a_galapagos_tortoise,old,3.0,young_old,0.22387702994871728,0.3143502183796505,0.22905960424695523,0.23271314742467702,"For a horse, a typical lifespan is 28 years. Relative to that 28-year reference, an individual aged 55 years is best described as",relative_open_age,a,bierwisch_kennedy_age_v1_3_a,comparison_class_explicit,55 years,gradable_scalar,years,55
a horse,a galapagos tortoise,standard_explicit,0,same_scalar_different_explicit_standard_balanced_orientation_paraphrase_sweep,age,1.081473400377615,youthful,1.0,False,False,-9.45430850982666,-8.909769058227539,-10.82972240447998,-10.967511177062988,-2.057742118835449,2.3122358194622525,age-v1_3a-p0055-a_horse-vs-a_galapagos_tortoise,old,3.0,young_old,0.3128174239866693,0.5392391486368231,0.079059901798063,0.06888352557844454,"For a galapagos tortoise, a typical lifespan is 150 years. Relative to that 150-year reference, an individual aged 55 years is best described as",relative_open_age,b,bierwisch_kennedy_age_v1_3_a,comparison_class_explicit,55 years,gradable_scalar,years,55
a bowhead whale,a horse,standard_explicit,0,same_scalar_different_explicit_standard_balanced_orientation_paraphrase_sweep,age,1.2757281264003013,youthful,1.0,False,False,-10.327178955078125,-10.179936408996582,-11.325241088867188,-11.149503707885742,-0.9695672988891602,1.9939459849279952,age-v1_3a-p0055-a_bowhead_whale-vs-a_horse,old,3.0,young_old,0.33708203002304393,0.39055502144644616,0.1242460879879409,0.148116860542569,"For a bowhead whale, a typical lifespan is 200 years. Relative to that 200-year reference, an individual aged 55 years is best described as",relative_open_age,a,bierwisch_kennedy_age_v1_3_a,comparison_class_explicit,55 years,gradable_scalar,years,55
a bowhead whale,a horse,standard_explicit,1,same_scalar_different_explicit_standard_balanced_orientation_paraphrase_sweep,age,1.37571415270496,old,3.0,False,False,-10.249726295471191,-9.91031551361084,-10.22684097290039,-10.211016654968262,0.3007011413574219,1.623517862461063,age-v1_3a-p0055-a_bowhead_whale-vs-a_horse,old,3.0,young_old,0.22387702994871728,0.3143502183796505,0.22905960424695523,0.23271314742467702,"For a horse, a typical lifespan is 28 years. Relative to that 28-year reference, an individual aged 55 years is best described as",relative_open_age,b,bierwisch_kennedy_age_v1_3_a,comparison_class_explicit,55 years,gradable_scalar,years,55
a galapagos tortoise,a human,standard_explicit,0,same_scalar_different_explicit_standard_balanced_orientation_paraphrase_sweep,age,1.081473400377615,youthful,1.0,False,False,-9.45430850982666,-8.909769058227539,-10.82972240447998,-10.967511177062988,-2.057742118835449,2.3122358194622525,age-v1_3a-p0055-a_galapagos_tortoise-vs-a_human,old,3.0,young_old,0.3128174239866693,0.5392391486368231,0.079059901798063,0.06888352557844454,"For a galapagos tortoise, a typical lifespan is 150 years. Relative to that 150-year reference, an individual aged 55 years is best described as",relative_open_age,a,bierwisch_kennedy_age_v1_3_a,comparison_class_explicit,55 years,gradable_scalar,years,55
a galapagos tortoise,a human,standard_explicit,0,same_scalar_different_explicit_standard_balanced_orientation_paraphrase_sweep,age,0.9790896502383538,mature,2.0,False,False,-10.473578453063965,-8.314189910888672,-10.303711891174316,-9.74140453338623,-2.159388542175293,2.3260447025004063,age-v1_3a-p0055-a_galapagos_tortoise-vs-a_human,old,3.0,young_old,0.07733604836170206,0.670181608208078,0.09165456227745197,0.16082778115276802,"For a human, a typical lifespan is 80 years. Relative to that 80-year reference, an individual aged 55 years is best described as",relative_open_age,b,bierwisch_kennedy_age_v1_3_a,comparison_class_explicit,55 years,gradable_scalar,years,55
a human,a bowhead whale,standard_explicit,0,same_scalar_different_explicit_standard_balanced_orientation_paraphrase_sweep,age,0.9790896502383538,mature,2.0,False,False,-10.473578453063965,-8.314189910888672,-10.303711891174316,-9.74140453338623,-2.159388542175293,2.3260447025004063,age-v1_3a-p0055-a_human-vs-a_bowhead_whale,old,3.0,young_old,0.07733604836170206,0.670181608208078,0.09165456227745197,0.16082778115276802,"For a human, a typical lifespan is 80 years. Relative to that 80-year reference, an individual aged 55 years is best described as",relative_open_age,a,bierwisch_kennedy_age_v1_3_a,comparison_class_explicit,55 years,gradable_scalar,years,55
a human,a bowhead whale,standard_explicit,0,same_scalar_different_explicit_standard_balanced_orientation_paraphrase_sweep,age,1.2757281264003013,youthful,1.0,False,False,-10.327178955078125,-10.179936408996582,-11.325241088867188,-11.149503707885742,-0.9695672988891602,1.9939459849279952,age-v1_3a-p0055-a_human-vs-a_bowhead_whale,old,3.0,young_old,0.33708203002304393,0.39055502144644616,0.1242460879879409,0.148116860542569,"For a bowhead whale, a typical lifespan is 200 years. Relative to that 200-year reference, an individual aged 55 years is best described as",relative_open_age,b,bierwisch_kennedy_age_v1_3_a,comparison_class_explicit,55 years,gradable_scalar,years,55
a domestic mouse,a galapagos tortoise,standard_explicit,1,same_scalar_different_explicit_standard_balanced_orientation_paraphrase_sweep,age,1.0454572803206186,old,3.0,False,False,-9.773283958435059,-8.29603099822998,-9.945053100585938,-10.222963333129883,1.4772529602050781,2.3000648051136476,age-v1_3a-p0090-a_domestic_mouse-vs-a_galapagos_tortoise,old,3.0,young_old,0.14575345470041481,0.6385305290755534,0.12274970773787386,0.09296630848615793,"For a domestic mouse, a typical lifespan is 2 years. Relative to that 2-year reference, an individual aged 90 years is best described as",relative_open_age,a,bierwisch_kennedy_age_v1_3_a,comparison_class_explicit,90 years,gradable_scalar,years,90
a domestic mouse,a galapagos tortoise,standard_explicit,0,same_scalar_different_explicit_standard_balanced_orientation_paraphrase_sweep,age,0.9911994967285008,mature,2.0,False,False,-9.582085609436035,-8.222630500793457,-10.172024726867676,-10.400196075439453,-1.3594551086425781,2.397997440322058,age-v1_3a-p0090-a_domestic_mouse-vs-a_galapagos_tortoise,old,3.0,young_old,0.16978803390787528,0.661166638279632,0.09412387014508096,0.07492145766741184,"For a galapagos tortoise, a typical lifespan is 150 years. Relative to that 150-year reference, an individual aged 90 years is best described as",relative_open_age,b,bierwisch_kennedy_age_v1_3_a,comparison_class_explicit,90 years,gradable_scalar,years,90
a galapagos tortoise,a domestic dog,standard_explicit,0,same_scalar_different_explicit_standard_balanced_orientation_paraphrase_sweep,age,0.9911994967285008,mature,2.0,False,False,-9.582085609436035,-8.222630500793457,-10.172024726867676,-10.400196075439453,-1.3594551086425781,2.397997440322058,age-v1_3a-p0090-a_galapagos_tortoise-vs-a_domestic_dog,old,3.0,young_old,0.16978803390787528,0.661166638279632,0.09412387014508096,0.07492145766741184,"For a galapagos tortoise, a typical lifespan is 150 years. Relative to that 150-year reference, an individual aged 90 years is best described as",relative_open_age,a,bierwisch_kennedy_age_v1_3_a,comparison_class_explicit,90 years,gradable_scalar,years,90
a galapagos tortoise,a domestic dog,standard_explicit,1,same_scalar_different_explicit_standard_balanced_orientation_paraphrase_sweep,age,1.137032898758509,old,3.0,False,False,-11.531540870666504,-11.161608695983887,-13.467068672180176,-12.411896705627441,0.3699321746826172,2.247555394467611,age-v1_3a-p0090-a_galapagos_tortoise-vs-a_domestic_dog,old,3.0,young_old,0.3325994161136622,0.4814830296777552,0.04801008100156119,0.13790747320702135,"For a domestic dog, a typical lifespan is 12 years. Relative to that 12-year reference, an individual aged 90 years is best described as",relative_open_age,b,bierwisch_kennedy_age_v1_3_a,comparison_class_explicit,90 years,gradable_scalar,years,90
a horse,a galapagos tortoise,standard_explicit,1,same_scalar_different_explicit_standard_balanced_orientation_paraphrase_sweep,age,1.3172555402887791,old,3.0,False,False,-10.506105422973633,-9.461431503295898,-10.03768253326416,-10.020418167114258,0.5589866638183594,1.7200708133603462,age-v1_3a-p0090-a_horse-vs-a_galapagos_tortoise,old,3.0,young_old,0.14153809016196592,0.40231798723685913,0.22610325127533804,0.230040671325837,"For a horse, a typical lifespan is 28 years. Relative to that 28-year reference, an individual aged 90 years is best described as",relative_open_age,a,bierwisch_kennedy_age_v1_3_a,comparison_class_explicit,90 years,gradable_scalar,years,90
a horse,a galapagos tortoise,standard_explicit,0,same_scalar_different_explicit_standard_balanced_orientation_paraphrase_sweep,age,0.9911994967285008,mature,2.0,False,False,-9.582085609436035,-8.222630500793457,-10.172024726867676,-10.400196075439453,-1.3594551086425781,2.397997440322058,age-v1_3a-p0090-a_horse-vs-a_galapagos_tortoise,old,3.0,young_old,0.16978803390787528,0.661166638279632,0.09412387014508096,0.07492145766741184,"For a galapagos tortoise, a typical lifespan is 150 years. Relative to that 150-year reference, an individual aged 90 years is best described as",relative_open_age,b,bierwisch_kennedy_age_v1_3_a,comparison_class_explicit,90 years,gradable_scalar,years,90
a galapagos tortoise,a human,standard_explicit,0,same_scalar_different_explicit_standard_balanced_orientation_paraphrase_sweep,age,0.9911994967285008,mature,2.0,False,False,-9.582085609436035,-8.222630500793457,-10.172024726867676,-10.400196075439453,-1.3594551086425781,2.397997440322058,age-v1_3a-p0090-a_galapagos_tortoise-vs-a_human,old,3.0,young_old,0.16978803390787528,0.661166638279632,0.09412387014508096,0.07492145766741184,"For a galapagos tortoise, a typical lifespan is 150 years. Relative to that 150-year reference, an individual aged 90 years is best described as",relative_open_age,a,bierwisch_kennedy_age_v1_3_a,comparison_class_explicit,90 years,gradable_scalar,years,90
a galapagos tortoise,a human,standard_explicit,1,same_scalar_different_explicit_standard_balanced_orientation_paraphrase_sweep,age,0.4214461709579258,old,3.0,False,False,-9.617401123046875,-6.636458396911621,-10.58934497833252,-9.889418601989746,2.980942726135254,2.8325264822476623,age-v1_3a-p0090-a_galapagos_tortoise-vs-a_human,old,3.0,young_old,0.04577376873936127,0.9020355378485094,0.01731836218871824,0.034872331223410935,"For a human, a typical lifespan is 80 years. Relative to that 80-year reference, an individual aged 90 years is best described as",relative_open_age,b,bierwisch_kennedy_age_v1_3_a,comparison_class_explicit,90 years,gradable_scalar,years,90
a domestic mouse,a bowhead whale,standard_explicit,1,same_scalar_different_explicit_standard_balanced_orientation_paraphrase_sweep,age,1.3062531323885507,old,3.0,False,False,-10.003252983093262,-9.121664047241211,-9.625323295593262,-10.100833892822266,0.5036592483520508,1.7559573534089423,age-v1_3a-p0130-a_domestic_mouse-vs-a_bowhead_whale,old,3.0,young_old,0.17297977090741049,0.4177000504743197,0.25242251844710745,0.15689766017116236,"For a domestic mouse, a typical lifespan is 2 years. Relative to that 2-year reference, an individual aged 130 years is best described as",relative_open_age,a,bierwisch_kennedy_age_v1_3_a,comparison_class_explicit,130 years,gradable_scalar,years,130
a domestic mouse,a bowhead whale,standard_explicit,0,same_scalar_different_explicit_standard_balanced_orientation_paraphrase_sweep,age,1.073499320955052,mature,2.0,False,False,-9.161014556884766,-8.266012191772461,-10.128767013549805,-10.277725219726562,-0.8950023651123047,2.327373072243962,age-v1_3a-p0130-a_domestic_mouse-vs-a_bowhead_whale,old,3.0,young_old,0.2406951824417816,0.5890633275402092,0.09144876527823811,0.07879272473977113,"For a bowhead whale, a typical lifespan is 200 years. Relative to that 200-year reference, an individual aged 130 years is best described as",relative_open_age,b,bierwisch_kennedy_age_v1_3_a,comparison_class_explicit,130 years,gradable_scalar,years,130
a bowhead whale,a domestic dog,standard_explicit,0,same_scalar_different_explicit_standard_balanced_orientation_paraphrase_sweep,age,1.073499320955052,mature,2.0,False,False,-9.161014556884766,-8.266012191772461,-10.128767013549805,-10.277725219726562,-0.8950023651123047,2.327373072243962,age-v1_3a-p0130-a_bowhead_whale-vs-a_domestic_dog,old,3.0,young_old,0.2406951824417816,0.5890633275402092,0.09144876527823811,0.07879272473977113,"For a bowhead whale, a typical lifespan is 200 years. Relative to that 200-year reference, an individual aged 130 years is best described as",relative_open_age,a,bierwisch_kennedy_age_v1_3_a,comparison_class_explicit,130 years,gradable_scalar,years,130
a bowhead whale,a domestic dog,standard_explicit,1,same_scalar_different_explicit_standard_balanced_orientation_paraphrase_sweep,age,0.9983683433021486,old,3.0,False,False,-10.877961158752441,-10.538908004760742,-13.581341743469238,-12.438162803649902,0.3390531539916992,2.3952589456261477,age-v1_3a-p0130-a_bowhead_whale-vs-a_domestic_dog,old,3.0,young_old,0.37303823536028197,0.5236031636083673,0.024985616950869195,0.07837298408048132,"For a domestic dog, a typical lifespan is 12 years. Relative to that 12-year reference, an individual aged 130 years is best described as",relative_open_age,b,bierwisch_kennedy_age_v1_3_a,comparison_class_explicit,130 years,gradable_scalar,years,130
a bowhead whale,a horse,standard_explicit,0,same_scalar_different_explicit_standard_balanced_orientation_paraphrase_sweep,age,1.073499320955052,mature,2.0,False,False,-9.161014556884766,-8.266012191772461,-10.128767013549805,-10.277725219726562,-0.8950023651123047,2.327373072243962,age-v1_3a-p0130-a_bowhead_whale-vs-a_horse,old,3.0,young_old,0.2406951824417816,0.5890633275402092,0.09144876527823811,0.07879272473977113,"For a bowhead whale, a typical lifespan is 200 years. Relative to that 200-year reference, an individual aged 130 years is best described as",relative_open_age,a,bierwisch_kennedy_age_v1_3_a,comparison_class_explicit,130 years,gradable_scalar,years,130
a bowhead whale,a horse,standard_explicit,1,same_scalar_different_explicit_standard_balanced_orientation_paraphrase_sweep,age,1.2470986676913185,old,3.0,False,False,-10.183028221130371,-9.169449806213379,-10.228402137756348,-10.336385726928711,1.0135784149169922,1.9975471582686122,age-v1_3a-p0130-a_bowhead_whale-vs-a_horse,old,3.0,young_old,0.17956846354609887,0.494790758271688,0.1716028218208628,0.15403795636135034,"For a horse, a typical lifespan is 28 years. Relative to that 28-year reference, an individual aged 130 years is best described as",relative_open_age,b,bierwisch_kennedy_age_v1_3_a,comparison_class_explicit,130 years,gradable_scalar,years,130
a bowhead whale,a human,standard_explicit,0,same_scalar_different_explicit_standard_balanced_orientation_paraphrase_sweep,age,1.073499320955052,mature,2.0,False,False,-9.161014556884766,-8.266012191772461,-10.128767013549805,-10.277725219726562,-0.8950023651123047,2.327373072243962,age-v1_3a-p0130-a_bowhead_whale-vs-a_human,old,3.0,young_old,0.2406951824417816,0.5890633275402092,0.09144876527823811,0.07879272473977113,"For a bowhead whale, a typical lifespan is 200 years. Relative to that 200-year reference, an individual aged 130 years is best described as",relative_open_age,a,bierwisch_kennedy_age_v1_3_a,comparison_class_explicit,130 years,gradable_scalar,years,130
a bowhead whale,a human,standard_explicit,1,same_scalar_different_explicit_standard_balanced_orientation_paraphrase_sweep,age,0.3858984866893093,old,3.0,False,False,-9.328750610351562,-6.860433578491211,-11.691878318786621,-11.001910209655762,2.4683170318603516,2.873307950211468,age-v1_3a-p0130-a_bowhead_whale-vs-a_human,old,3.0,young_old,0.07642720914569702,0.9020372400350546,0.007193739004338629,0.014341811814909636,"For a human, a typical lifespan is 80 years. Relative to that 80-year reference, an individual aged 130 years is best described as",relative_open_age,b,bierwisch_kennedy_age_v1_3_a,comparison_class_explicit,130 years,gradable_scalar,years,130
a galapagos tortoise,a bowhead whale,standard_explicit,1,same_scalar_different_explicit_standard_balanced_orientation_paraphrase_sweep,age,0.9151103422569994,old,3.0,False,False,-8.87996768951416,-7.818138122558594,-10.266084671020508,-10.488640785217285,1.0618295669555664,2.504718701068805,age-v1_3a-p0130-a_galapagos_tortoise-vs-a_bowhead_whale,old,3.0,young_old,0.23031635780036697,0.6659958234905193,0.05758930371260073,0.04609851499651296,"For a galapagos tortoise, a typical lifespan is 150 years. Relative to that 150-year reference, an individual aged 130 years is best described as",relative_open_age,a,bierwisch_kennedy_age_v1_3_a,comparison_class_explicit,130 years,gradable_scalar,years,130
a galapagos tortoise,a bowhead whale,standard_explicit,0,same_scalar_different_explicit_standard_balanced_orientation_paraphrase_sweep,age,1.073499320955052,mature,2.0,False,False,-9.161014556884766,-8.266012191772461,-10.128767013549805,-10.277725219726562,-0.8950023651123047,2.327373072243962,age-v1_3a-p0130-a_galapagos_tortoise-vs-a_bowhead_whale,old,3.0,young_old,0.2406951824417816,0.5890633275402092,0.09144876527823811,0.07879272473977113,"For a bowhead whale, a typical lifespan is 200 years. Relative to that 200-year reference, an individual aged 130 years is best described as",relative_open_age,b,bierwisch_kennedy_age_v1_3_a,comparison_class_explicit,130 years,gradable_scalar,years,130
