comparison,entropy,expected_label,expected_label_index,ordered_score,pair_id,pred_label,pred_label_index,predictor,prob_huge,prob_large,prob_small,prob_tiny,prompt,prompt_hash,prompt_length,rho,row_idx,side,signed_score,site,standard,target,token_idx,value,variant
Type C dax rods,0.7000312339178905,large,2.0,1.8897945219722854,size-v2-fictional_semantic-p0090-Type_C_dax_rods-vs-Type_A_dax_rods,large,2.0,0.6711682738411701,0.06597462874705137,0.7588330659382405,0.17420450385465003,0.000987801460057973,"In this measurement task, a dax is a manufactured rod-like object. Only overall length matters. The normal overall length for Type C dax rods is 46 centimeters. Compared only to that 46-centimeter length standard for Type C dax rods, an overall length of 90 centimeters counts as",081139c24395af90,66,0.6711682738411701,0,a,0.6496153893705839,final_prompt_token,46.0,90 centimeters,65,90.0,fictional_semantic_adjective_counts
Type F dax rods,0.6671249057905176,tiny,0.0,1.2872310951976291,size-v2-fictional_semantic-p0025-Type_A_dax_rods-vs-Type_F_dax_rods,small,1.0,-2.639057329615259,0.0033353350425312086,0.288791285798607,0.6996425184728214,0.00823086068604032,"In this measurement task, a dax is a manufactured rod-like object. Only overall length matters. The normal overall length for Type F dax rods is 350 centimeters. Compared only to that 350-centimeter length standard for Type F dax rods, an overall length of 25 centimeters counts as",12a769b6951e35bb,68,-2.639057329615259,1,b,-0.4157467583177235,final_prompt_token,350.0,25 centimeters,67,25.0,fictional_semantic_adjective_counts
Type C dax rods,0.8627492516077899,huge,3.0,1.822909633000809,size-v2-fictional_semantic-p0200-Type_C_dax_rods-vs-Type_E_dax_rods,large,2.0,1.4696759700589417,0.08923769940525572,0.6468514149444676,0.26149370489610657,0.00241718075417,"In this measurement task, a dax is a manufactured rod-like object. Only overall length matters. The normal overall length for Type C dax rods is 46 centimeters. Compared only to that 46-centimeter length standard for Type C dax rods, an overall length of 200 centimeters counts as",1503a17ad137239f,67,1.4696759700589417,2,a,0.47217822869944676,final_prompt_token,46.0,200 centimeters,66,200.0,fictional_semantic_adjective_counts
Type F dax rods,0.6765096301705762,tiny,0.0,1.2972289972233104,size-v2-fictional_semantic-p0015-Type_A_dax_rods-vs-Type_F_dax_rods,small,1.0,-3.1498829533812494,0.0030378724438198963,0.29974364375201,0.6886280923878308,0.008590391416339273,"In this measurement task, a dax is a manufactured rod-like object. Only overall length matters. The normal overall length for Type F dax rods is 350 centimeters. Compared only to that 350-centimeter length standard for Type F dax rods, an overall length of 15 centimeters counts as",18452e98ee0f53a9,68,-3.1498829533812494,3,b,-0.39443696760834024,final_prompt_token,350.0,15 centimeters,67,15.0,fictional_semantic_adjective_counts
Type A dax rods,0.7498009290135581,huge,3.0,1.7992809608725169,size-v2-fictional_semantic-p0060-Type_A_dax_rods-vs-Type_C_dax_rods,large,2.0,4.0943445622221,0.045986355831969444,0.7119413016145038,0.23743929014760096,0.004633052405925908,"In this measurement task, a dax is a manufactured rod-like object. Only overall length matters. The normal overall length for Type A dax rods is 1 centimeter. Compared only to that 1-centimeter length standard for Type A dax rods, an overall length of 60 centimeters counts as",1976a69a938f95e6,64,4.0943445622221,4,a,0.5158553148929463,final_prompt_token,1.0,60 centimeters,63,60.0,fictional_semantic_adjective_counts
Type A dax rods,0.8359321566504473,huge,3.0,1.7074967646333077,size-v2-fictional_semantic-p0500-Type_F_dax_rods-vs-Type_A_dax_rods,large,2.0,6.214608098422191,0.045505042658410676,0.6237673121458052,0.3234470123664656,0.007280632829318734,"In this measurement task, a dax is a manufactured rod-like object. Only overall length matters. The normal overall length for Type A dax rods is 1 centimeter. Compared only to that 1-centimeter length standard for Type A dax rods, an overall length of 500 centimeters counts as",1aae7cd13e315e08,65,6.214608098422191,5,b,0.3385447096084315,final_prompt_token,1.0,500 centimeters,64,500.0,fictional_semantic_adjective_counts
Type E dax rods,0.7403685458082288,tiny,0.0,1.5561391650535916,size-v2-fictional_semantic-p0025-Type_A_dax_rods-vs-Type_E_dax_rods,large,2.0,-1.916922612182061,0.007271045022728079,0.54376967507582,0.4467866798337674,0.002172600067684588,"In this measurement task, a dax is a manufactured rod-like object. Only overall length matters. The normal overall length for Type E dax rods is 170 centimeters. Compared only to that 170-centimeter length standard for Type E dax rods, an overall length of 25 centimeters counts as",1cd084b96caa7077,68,-1.916922612182061,6,b,0.10208144019709608,final_prompt_token,170.0,25 centimeters,67,25.0,fictional_semantic_adjective_counts
Type B dax rods,0.6982724689470329,huge,3.0,1.75883856528425,size-v2-fictional_semantic-p0090-Type_B_dax_rods-vs-Type_C_dax_rods,large,2.0,2.302585092994046,0.024894028502887765,0.7111767340948546,0.26180301158587765,0.0021262258163798928,"In this measurement task, a dax is a manufactured rod-like object. Only overall length matters. The normal overall length for Type B dax rods is 9 centimeters. Compared only to that 9-centimeter length standard for Type B dax rods, an overall length of 90 centimeters counts as",25698438ec5c3988,64,2.302585092994046,7,a,0.47214152519548486,final_prompt_token,9.0,90 centimeters,63,90.0,fictional_semantic_adjective_counts
Type D dax rods,0.691070885866821,tiny,0.0,1.3215851428309673,size-v2-fictional_semantic-p0008-Type_A_dax_rods-vs-Type_D_dax_rods,small,1.0,-2.0149030205422647,0.01035781177457148,0.304490373186099,0.6815309611350547,0.003620853904274773,"In this measurement task, a dax is a manufactured rod-like object. Only overall length matters. The normal overall length for Type D dax rods is 60 centimeters. Compared only to that 60-centimeter length standard for Type D dax rods, an overall length of 8 centimeters counts as",2988fa97a98177c2,65,-2.0149030205422647,8,b,-0.3703036300786591,final_prompt_token,60.0,8 centimeters,64,8.0,fictional_semantic_adjective_counts
Type E dax rods,0.6710089438869273,tiny,0.0,1.316686060548989,size-v2-fictional_semantic-p0003-Type_E_dax_rods-vs-Type_A_dax_rods,small,1.0,-4.037186148382152,0.003254749351637697,0.3147594477017438,0.6774029170905882,0.004582885856030431,"In this measurement task, a dax is a manufactured rod-like object. Only overall length matters. The normal overall length for Type E dax rods is 170 centimeters. Compared only to that 170-centimeter length standard for Type E dax rods, an overall length of 3 centimeters counts as",2bcf4ddacdd20105,67,-4.037186148382152,9,a,-0.36397160589323707,final_prompt_token,170.0,3 centimeters,66,3.0,fictional_semantic_adjective_counts
Type E dax rods,0.6987784927847865,tiny,0.0,1.3795626891314416,size-v2-fictional_semantic-p0040-Type_A_dax_rods-vs-Type_E_dax_rods,small,1.0,-1.4469189829363254,0.0035746945314429237,0.3747398529683634,0.6193588996003859,0.002326552899807741,"In this measurement task, a dax is a manufactured rod-like object. Only overall length matters. The normal overall length for Type E dax rods is 170 centimeters. Compared only to that 170-centimeter length standard for Type E dax rods, an overall length of 40 centimeters counts as",3bbda79208588bee,68,-1.4469189829363254,10,b,-0.24337090500038738,final_prompt_token,170.0,40 centimeters,67,40.0,fictional_semantic_adjective_counts
Type D dax rods,0.41716675431877803,tiny,0.0,1.1198111825433381,size-v2-fictional_semantic-p0015-Type_D_dax_rods-vs-Type_A_dax_rods,small,1.0,-1.3862943611198906,0.003921310552701567,0.11701574859357752,0.8740157536980785,0.005047187155642422,"In this measurement task, a dax is a manufactured rod-like object. Only overall length matters. The normal overall length for Type D dax rods is 60 centimeters. Compared only to that 60-centimeter length standard for Type D dax rods, an overall length of 15 centimeters counts as",464c26c62d3bbba4,66,-1.3862943611198906,11,a,-0.7581258817074419,final_prompt_token,60.0,15 centimeters,65,15.0,fictional_semantic_adjective_counts
Type C dax rods,0.5942230436991728,large,2.0,1.8795383967978825,size-v2-fictional_semantic-p0060-Type_A_dax_rods-vs-Type_C_dax_rods,large,2.0,0.2657031657330057,0.03756225375247872,0.8053851620995118,0.15608131134142264,0.00097127280658678,"In this measurement task, a dax is a manufactured rod-like object. Only overall length matters. The normal overall length for Type C dax rods is 46 centimeters. Compared only to that 46-centimeter length standard for Type C dax rods, an overall length of 60 centimeters counts as",4a9e2d4715058256,66,0.2657031657330057,12,b,0.685894831703981,final_prompt_token,46.0,60 centimeters,65,60.0,fictional_semantic_adjective_counts
Type D dax rods,0.5820746061092019,large,2.0,1.913308869497141,size-v2-fictional_semantic-p0090-Type_D_dax_rods-vs-Type_A_dax_rods,large,2.0,0.4054651081081644,0.04776793750920416,0.8182994695434168,0.13340611788269519,0.0005264750646840415,"In this measurement task, a dax is a manufactured rod-like object. Only overall length matters. The normal overall length for Type D dax rods is 60 centimeters. Compared only to that 60-centimeter length standard for Type D dax rods, an overall length of 90 centimeters counts as",4db0bf3589ae1297,66,0.4054651081081644,13,a,0.7321348141052417,final_prompt_token,60.0,90 centimeters,65,90.0,fictional_semantic_adjective_counts
Type C dax rods,0.4537778737106868,tiny,0.0,1.12468392491237,size-v2-fictional_semantic-p0003-Type_C_dax_rods-vs-Type_A_dax_rods,small,1.0,-2.7300291078209855,0.004742487539358029,0.1240430262800781,0.8623704097341395,0.008844076446424268,"In this measurement task, a dax is a manufactured rod-like object. Only overall length matters. The normal overall length for Type C dax rods is 46 centimeters. Compared only to that 46-centimeter length standard for Type C dax rods, an overall length of 3 centimeters counts as",4e0238ce2773bc3a,65,-2.7300291078209855,14,a,-0.7424289723611276,final_prompt_token,46.0,3 centimeters,64,3.0,fictional_semantic_adjective_counts
Type C dax rods,0.41157453777240854,small,1.0,1.1071190383708887,size-v2-fictional_semantic-p0025-Type_A_dax_rods-vs-Type_C_dax_rods,small,1.0,-0.6097655716208943,0.004839658486470558,0.10528736282258726,0.8820253372663023,0.007847641424639791,"In this measurement task, a dax is a manufactured rod-like object. Only overall length matters. The normal overall length for Type C dax rods is 46 centimeters. Compared only to that 46-centimeter length standard for Type C dax rods, an overall length of 25 centimeters counts as",5090508451aec7ed,66,-0.6097655716208943,15,b,-0.7797459573818842,final_prompt_token,46.0,25 centimeters,65,25.0,fictional_semantic_adjective_counts
Type E dax rods,0.6910929926559544,tiny,0.0,1.34601864090367,size-v2-fictional_semantic-p0008-Type_A_dax_rods-vs-Type_E_dax_rods,small,1.0,-3.056356895370426,0.0047519002282373005,0.34002593054826186,0.6517110791224345,0.003511090101066305,"In this measurement task, a dax is a manufactured rod-like object. Only overall length matters. The normal overall length for Type E dax rods is 170 centimeters. Compared only to that 170-centimeter length standard for Type E dax rods, an overall length of 8 centimeters counts as",50a718b86891248f,67,-3.056356895370426,16,b,-0.3104443384470017,final_prompt_token,170.0,8 centimeters,66,8.0,fictional_semantic_adjective_counts
Type D dax rods,0.6334620430639801,huge,3.0,1.9405096614737147,size-v2-fictional_semantic-p0130-Type_E_dax_rods-vs-Type_D_dax_rods,large,2.0,0.7731898882334817,0.07026896087890527,0.8007556219013061,0.1281915350343867,0.0007838821854019068,"In this measurement task, a dax is a manufactured rod-like object. Only overall length matters. The normal overall length for Type D dax rods is 60 centimeters. Compared only to that 60-centimeter length standard for Type D dax rods, an overall length of 130 centimeters counts as",5fb557881c9dac2c,67,0.7731898882334817,17,b,0.7420491655604229,final_prompt_token,60.0,130 centimeters,66,130.0,fictional_semantic_adjective_counts
Type C dax rods,0.9037156594959848,huge,3.0,1.6074600548235887,size-v2-fictional_semantic-p0320-Type_C_dax_rods-vs-Type_E_dax_rods,large,2.0,1.9396795993046771,0.061821805604084526,0.4876742606199674,0.4466461167714002,0.0038578170045479475,"In this measurement task, a dax is a manufactured rod-like object. Only overall length matters. The normal overall length for Type C dax rods is 46 centimeters. Compared only to that 46-centimeter length standard for Type C dax rods, an overall length of 320 centimeters counts as",6023010752878602,67,1.9396795993046771,18,a,0.09899213244810373,final_prompt_token,46.0,320 centimeters,66,320.0,fictional_semantic_adjective_counts
Type E dax rods,0.6582493056470184,huge,3.0,1.8652927086502509,size-v2-fictional_semantic-p0500-Type_F_dax_rods-vs-Type_E_dax_rods,large,2.0,1.07880966137193,0.04705650242724763,0.7720188238374833,0.18008555369354137,0.0008391200417276569,"In this measurement task, a dax is a manufactured rod-like object. Only overall length matters. The normal overall length for Type E dax rods is 170 centimeters. Compared only to that 170-centimeter length standard for Type E dax rods, an overall length of 500 centimeters counts as",634d35892bff1cb0,69,1.07880966137193,19,b,0.638150652529462,final_prompt_token,170.0,500 centimeters,68,500.0,fictional_semantic_adjective_counts
Type A dax rods,0.8138641781694136,huge,3.0,1.6826028321413893,size-v2-fictional_semantic-p0130-Type_A_dax_rods-vs-Type_E_dax_rods,large,2.0,4.867534450455582,0.0350184673704372,0.6191061838832354,0.3393350622636071,0.006540286482720364,"In this measurement task, a dax is a manufactured rod-like object. Only overall length matters. The normal overall length for Type A dax rods is 1 centimeter. Compared only to that 1-centimeter length standard for Type A dax rods, an overall length of 130 centimeters counts as",6ba9d9f22f4f982f,65,4.867534450455582,20,a,0.3082493025073451,final_prompt_token,1.0,130 centimeters,64,130.0,fictional_semantic_adjective_counts
Type A dax rods,0.6272833254456489,huge,3.0,1.842901999297732,size-v2-fictional_semantic-p0003-Type_B_dax_rods-vs-Type_A_dax_rods,large,2.0,1.0986122886681098,0.03127208212328218,0.7833148617384075,0.1824560294510709,0.0029570266872395905,"In this measurement task, a dax is a manufactured rod-like object. Only overall length matters. The normal overall length for Type A dax rods is 1 centimeter. Compared only to that 1-centimeter length standard for Type A dax rods, an overall length of 3 centimeters counts as",6e5f5493ec7b835a,63,1.0986122886681098,21,b,0.6291738877233791,final_prompt_token,1.0,3 centimeters,62,3.0,fictional_semantic_adjective_counts
Type A dax rods,0.8038737936929178,huge,3.0,1.6809083522711208,size-v2-fictional_semantic-p0090-Type_C_dax_rods-vs-Type_A_dax_rods,large,2.0,4.499809670330265,0.03292808124249099,0.6205215295287131,0.3410810494862217,0.005469339742574309,"In this measurement task, a dax is a manufactured rod-like object. Only overall length matters. The normal overall length for Type A dax rods is 1 centimeter. Compared only to that 1-centimeter length standard for Type A dax rods, an overall length of 90 centimeters counts as",701b2a41c1ec7fdc,64,4.499809670330265,22,b,0.3068992215424081,final_prompt_token,1.0,90 centimeters,63,90.0,fictional_semantic_adjective_counts
Type C dax rods,0.753578964185559,huge,3.0,1.9429337581861692,size-v2-fictional_semantic-p0130-Type_E_dax_rods-vs-Type_C_dax_rods,large,2.0,1.0388930539664876,0.10164321976928424,0.7410964265537301,0.15581124577085634,0.0014491079061293955,"In this measurement task, a dax is a manufactured rod-like object. Only overall length matters. The normal overall length for Type C dax rods is 46 centimeters. Compared only to that 46-centimeter length standard for Type C dax rods, an overall length of 130 centimeters counts as",729a987e2cdfb0b1,67,1.0388930539664876,23,b,0.6854792926460286,final_prompt_token,46.0,130 centimeters,66,130.0,fictional_semantic_adjective_counts
Type B dax rods,0.7872524239594724,huge,3.0,1.6180102196176769,size-v2-fictional_semantic-p0060-Type_C_dax_rods-vs-Type_B_dax_rods,large,2.0,1.8971199848858813,0.022210078542392406,0.5768401647037734,0.3976996545829527,0.0032501021708814426,"In this measurement task, a dax is a manufactured rod-like object. Only overall length matters. The normal overall length for Type B dax rods is 9 centimeters. Compared only to that 9-centimeter length standard for Type B dax rods, an overall length of 60 centimeters counts as",763aa88ae87ed215,64,1.8971199848858813,24,b,0.1981004864923317,final_prompt_token,9.0,60 centimeters,63,60.0,fictional_semantic_adjective_counts
Type F dax rods,0.5576682470931797,small,1.0,1.1757450121365696,size-v2-fictional_semantic-p0200-Type_F_dax_rods-vs-Type_A_dax_rods,small,1.0,-0.5596157879354228,0.003971067671875571,0.17960956389052227,0.8046126813398979,0.01180668709770406,"In this measurement task, a dax is a manufactured rod-like object. Only overall length matters. The normal overall length for Type F dax rods is 350 centimeters. Compared only to that 350-centimeter length standard for Type F dax rods, an overall length of 200 centimeters counts as",771cb745daa4ec83,69,-0.5596157879354228,25,a,-0.6328387368752042,final_prompt_token,350.0,200 centimeters,68,200.0,fictional_semantic_adjective_counts
Type A dax rods,0.7194398537444466,huge,3.0,1.78593320782127,size-v2-fictional_semantic-p0025-Type_A_dax_rods-vs-Type_C_dax_rods,large,2.0,3.2188758248682006,0.03438679316280661,0.7222141453496671,0.23834453763351623,0.005054523854010192,"In this measurement task, a dax is a manufactured rod-like object. Only overall length matters. The normal overall length for Type A dax rods is 1 centimeter. Compared only to that 1-centimeter length standard for Type A dax rods, an overall length of 25 centimeters counts as",77733dfab5ce6247,64,3.2188758248682006,26,a,0.5132018770249472,final_prompt_token,1.0,25 centimeters,63,25.0,fictional_semantic_adjective_counts
Type F dax rods,0.7317579753050759,tiny,0.0,1.3818330864970645,size-v2-fictional_semantic-p0060-Type_A_dax_rods-vs-Type_F_dax_rods,small,1.0,-1.7635885922613588,0.005615730452969663,0.3773079270360994,0.6103700410659568,0.006706301444974087,"In this measurement task, a dax is a manufactured rod-like object. Only overall length matters. The normal overall length for Type F dax rods is 350 centimeters. Compared only to that 350-centimeter length standard for Type F dax rods, an overall length of 60 centimeters counts as",7eb743cb38ce9cca,68,-1.7635885922613588,27,b,-0.23415268502186187,final_prompt_token,350.0,60 centimeters,67,60.0,fictional_semantic_adjective_counts
Type D dax rods,0.8688000768044228,huge,3.0,1.7658938916744336,size-v2-fictional_semantic-p0500-Type_D_dax_rods-vs-Type_F_dax_rods,large,2.0,2.120263536200091,0.0761469768673477,0.6154218105796577,0.30660933991307493,0.0018218726399196077,"In this measurement task, a dax is a manufactured rod-like object. Only overall length matters. The normal overall length for Type D dax rods is 60 centimeters. Compared only to that 60-centimeter length standard for Type D dax rods, an overall length of 500 centimeters counts as",82534c00b21b3188,67,2.120263536200091,28,a,0.3831375748940109,final_prompt_token,60.0,500 centimeters,66,500.0,fictional_semantic_adjective_counts
Type D dax rods,0.8093587768480227,huge,3.0,1.8857660564123706,size-v2-fictional_semantic-p0200-Type_D_dax_rods-vs-Type_E_dax_rods,large,2.0,1.2039728043259361,0.09484601947477514,0.6974315281840382,0.20636494161996857,0.0013575107212180622,"In this measurement task, a dax is a manufactured rod-like object. Only overall length matters. The normal overall length for Type D dax rods is 60 centimeters. Compared only to that 60-centimeter length standard for Type D dax rods, an overall length of 200 centimeters counts as",83651f8bf8d14e8d,67,1.2039728043259361,29,a,0.5845550953176266,final_prompt_token,60.0,200 centimeters,66,200.0,fictional_semantic_adjective_counts
Type E dax rods,0.44635980966012284,large,2.0,1.9209469176730485,size-v2-fictional_semantic-p0200-Type_E_dax_rods-vs-Type_A_dax_rods,large,2.0,0.16251892949777494,0.024326536294883714,0.872818756311668,0.10232979616506177,0.000524911228386716,"In this measurement task, a dax is a manufactured rod-like object. Only overall length matters. The normal overall length for Type E dax rods is 170 centimeters. Compared only to that 170-centimeter length standard for Type E dax rods, an overall length of 200 centimeters counts as",851b56b599f108ad,69,0.16251892949777494,30,a,0.7942905852131033,final_prompt_token,170.0,200 centimeters,68,200.0,fictional_semantic_adjective_counts
Type C dax rods,0.5142484771353149,tiny,0.0,1.1629056387747596,size-v2-fictional_semantic-p0015-Type_C_dax_rods-vs-Type_A_dax_rods,small,1.0,-1.120591195386885,0.006460775345607421,0.15717887137779923,0.8291655699823388,0.007194783294254516,"In this measurement task, a dax is a manufactured rod-like object. Only overall length matters. The normal overall length for Type C dax rods is 46 centimeters. Compared only to that 46-centimeter length standard for Type C dax rods, an overall length of 15 centimeters counts as",871ca46e7e074d65,66,-1.120591195386885,31,a,-0.6727207065531866,final_prompt_token,46.0,15 centimeters,65,15.0,fictional_semantic_adjective_counts
Type B dax rods,0.7494966160951905,huge,3.0,1.6591106063658276,size-v2-fictional_semantic-p0040-Type_B_dax_rods-vs-Type_D_dax_rods,large,2.0,1.491654876777717,0.017983816515657048,0.6259280783486841,0.35330300012148824,0.002785105014170663,"In this measurement task, a dax is a manufactured rod-like object. Only overall length matters. The normal overall length for Type B dax rods is 9 centimeters. Compared only to that 9-centimeter length standard for Type B dax rods, an overall length of 40 centimeters counts as",8821297d2ba61f7a,64,1.491654876777717,32,a,0.2878237897286823,final_prompt_token,9.0,40 centimeters,63,40.0,fictional_semantic_adjective_counts
Type E dax rods,0.6099833960272637,tiny,0.0,1.2622562985013563,size-v2-fictional_semantic-p0015-Type_E_dax_rods-vs-Type_A_dax_rods,small,1.0,-2.4277482359480516,0.0025797695995919056,0.2601188647668273,0.734279260168926,0.003022105464654825,"In this measurement task, a dax is a manufactured rod-like object. Only overall length matters. The normal overall length for Type E dax rods is 170 centimeters. Compared only to that 170-centimeter length standard for Type E dax rods, an overall length of 15 centimeters counts as",8fa2335a06191035,68,-2.4277482359480516,33,a,-0.4746027312671617,final_prompt_token,170.0,15 centimeters,67,15.0,fictional_semantic_adjective_counts
Type D dax rods,0.5458162995417773,tiny,0.0,1.1900145025407067,size-v2-fictional_semantic-p0003-Type_A_dax_rods-vs-Type_D_dax_rods,small,1.0,-2.995732273553991,0.005984342218069029,0.18366453758338544,0.8047324007197287,0.005618719478816921,"In this measurement task, a dax is a manufactured rod-like object. Only overall length matters. The normal overall length for Type D dax rods is 60 centimeters. Compared only to that 60-centimeter length standard for Type D dax rods, an overall length of 3 centimeters counts as",90daf54b74c645e0,65,-2.995732273553991,34,b,-0.6207022403970911,final_prompt_token,60.0,3 centimeters,64,3.0,fictional_semantic_adjective_counts
Type B dax rods,0.43488689512057493,tiny,0.0,1.1200047953500025,size-v2-fictional_semantic-p0003-Type_B_dax_rods-vs-Type_A_dax_rods,small,1.0,-1.0986122886681098,0.0020737881686888194,0.12389097142308908,0.8660014879977579,0.008033752410464366,"In this measurement task, a dax is a manufactured rod-like object. Only overall length matters. The normal overall length for Type B dax rods is 9 centimeters. Compared only to that 9-centimeter length standard for Type B dax rods, an overall length of 3 centimeters counts as",913ebd6f30662a44,63,-1.0986122886681098,35,a,-0.7480704808164443,final_prompt_token,9.0,3 centimeters,62,3.0,fictional_semantic_adjective_counts
Type E dax rods,0.5657809090715031,small,1.0,1.2253929787100128,size-v2-fictional_semantic-p0090-Type_A_dax_rods-vs-Type_E_dax_rods,small,1.0,-0.6359887667199967,0.002510782368734993,0.22309075420420024,0.7716791231954071,0.0027193402316574907,"In this measurement task, a dax is a manufactured rod-like object. Only overall length matters. The normal overall length for Type E dax rods is 170 centimeters. Compared only to that 170-centimeter length standard for Type E dax rods, an overall length of 90 centimeters counts as",93b4e6e8a4480f94,68,-0.6359887667199967,36,b,-0.5487969268541294,final_prompt_token,170.0,90 centimeters,67,90.0,fictional_semantic_adjective_counts
Type C dax rods,0.7127900327627479,huge,3.0,1.9341266694358161,size-v2-fictional_semantic-p0500-Type_C_dax_rods-vs-Type_F_dax_rods,large,2.0,2.385966701933097,0.08675860095784424,0.7619994523233992,0.14985196191548514,0.0013899848032714217,"In this measurement task, a dax is a manufactured rod-like object. Only overall length matters. The normal overall length for Type C dax rods is 46 centimeters. Compared only to that 46-centimeter length standard for Type C dax rods, an overall length of 500 centimeters counts as",93e29c785e1fa600,67,2.385966701933097,37,a,0.6975161065624869,final_prompt_token,46.0,500 centimeters,66,500.0,fictional_semantic_adjective_counts
Type B dax rods,0.6433550174601278,huge,3.0,1.8063908215155586,size-v2-fictional_semantic-p0025-Type_C_dax_rods-vs-Type_B_dax_rods,large,2.0,1.0216512475319812,0.024828825559287487,0.7585873596441405,0.21472962554941546,0.0018541892471567573,"In this measurement task, a dax is a manufactured rod-like object. Only overall length matters. The normal overall length for Type B dax rods is 9 centimeters. Compared only to that 9-centimeter length standard for Type B dax rods, an overall length of 25 centimeters counts as",98f856f8247f060e,64,1.0216512475319812,38,b,0.5668323704068557,final_prompt_token,9.0,25 centimeters,63,25.0,fictional_semantic_adjective_counts
Type A dax rods,0.8300621447307615,huge,3.0,1.6909655737153495,size-v2-fictional_semantic-p0320-Type_A_dax_rods-vs-Type_E_dax_rods,large,2.0,5.768320995793772,0.041383984271463815,0.6146430706392253,0.3375274796225073,0.0064454654668035585,"In this measurement task, a dax is a manufactured rod-like object. Only overall length matters. The normal overall length for Type A dax rods is 1 centimeter. Compared only to that 1-centimeter length standard for Type A dax rods, an overall length of 320 centimeters counts as",99d507d536a89be1,65,5.768320995793772,39,a,0.31205410982137827,final_prompt_token,1.0,320 centimeters,64,320.0,fictional_semantic_adjective_counts
Type A dax rods,0.7467289175190285,huge,3.0,1.7766699808164046,size-v2-fictional_semantic-p0040-Type_A_dax_rods-vs-Type_D_dax_rods,large,2.0,3.6888794541139363,0.03887697340767384,0.7037210299830401,0.25259700062730334,0.004804995981982802,"In this measurement task, a dax is a manufactured rod-like object. Only overall length matters. The normal overall length for Type A dax rods is 1 centimeter. Compared only to that 1-centimeter length standard for Type A dax rods, an overall length of 40 centimeters counts as",9a54bb3d09f201a6,64,3.6888794541139363,40,a,0.48519600678142777,final_prompt_token,1.0,40 centimeters,63,40.0,fictional_semantic_adjective_counts
Type D dax rods,0.706088222365238,huge,3.0,1.987025423288848,size-v2-fictional_semantic-p0320-Type_E_dax_rods-vs-Type_D_dax_rods,large,2.0,1.6739764335716716,0.10968794691510735,0.7684333941927071,0.12109479415811135,0.0007838647340740188,"In this measurement task, a dax is a manufactured rod-like object. Only overall length matters. The normal overall length for Type D dax rods is 60 centimeters. Compared only to that 60-centimeter length standard for Type D dax rods, an overall length of 320 centimeters counts as",9eb51f0c881e2959,67,1.6739764335716716,41,b,0.756242682215629,final_prompt_token,60.0,320 centimeters,66,320.0,fictional_semantic_adjective_counts
Type F dax rods,0.6836638997509946,tiny,0.0,1.2924280840343514,size-v2-fictional_semantic-p0130-Type_A_dax_rods-vs-Type_F_dax_rods,small,1.0,-0.9903987040278769,0.005198770285972184,0.29135439914673283,0.6941229748829693,0.009323855684325788,"In this measurement task, a dax is a manufactured rod-like object. Only overall length matters. The normal overall length for Type F dax rods is 350 centimeters. Compared only to that 350-centimeter length standard for Type F dax rods, an overall length of 130 centimeters counts as",b70140afc3f5a1e5,69,-0.9903987040278769,42,b,-0.40689366113459,final_prompt_token,350.0,130 centimeters,68,130.0,fictional_semantic_adjective_counts
Type B dax rods,0.8534215317863343,huge,3.0,1.623105106652913,size-v2-fictional_semantic-p0200-Type_E_dax_rods-vs-Type_B_dax_rods,large,2.0,3.101092789211817,0.04149183026574848,0.5447399267889926,0.4091497622776826,0.004618480667576339,"In this measurement task, a dax is a manufactured rod-like object. Only overall length matters. The normal overall length for Type B dax rods is 9 centimeters. Compared only to that 9-centimeter length standard for Type B dax rods, an overall length of 200 centimeters counts as",b88a722b13d397fa,65,3.101092789211817,43,b,0.17246351410948207,final_prompt_token,9.0,200 centimeters,64,200.0,fictional_semantic_adjective_counts
Type B dax rods,0.5271225583000069,large,2.0,1.8559920054529837,size-v2-fictional_semantic-p0015-Type_B_dax_rods-vs-Type_A_dax_rods,large,2.0,0.5108256237659907,0.016601288734200137,0.8239222583843804,0.1583436224816225,0.0011328303997969402,"In this measurement task, a dax is a manufactured rod-like object. Only overall length matters. The normal overall length for Type B dax rods is 9 centimeters. Compared only to that 9-centimeter length standard for Type B dax rods, an overall length of 15 centimeters counts as",ba26b44c71be5531,64,0.5108256237659907,44,a,0.6810470942371611,final_prompt_token,9.0,15 centimeters,63,15.0,fictional_semantic_adjective_counts
Type D dax rods,0.3186876958259059,small,1.0,1.0755815513788043,size-v2-fictional_semantic-p0040-Type_A_dax_rods-vs-Type_D_dax_rods,small,1.0,-0.40546510810816444,0.0024544815715321186,0.07600323771599096,0.9162116312322262,0.005330649480250862,"In this measurement task, a dax is a manufactured rod-like object. Only overall length matters. The normal overall length for Type D dax rods is 60 centimeters. Compared only to that 60-centimeter length standard for Type D dax rods, an overall length of 40 centimeters counts as",c26d9e6c4095796c,66,-0.40546510810816444,45,b,-0.8430845614249539,final_prompt_token,60.0,40 centimeters,65,40.0,fictional_semantic_adjective_counts
Type C dax rods,0.6208552658044524,tiny,0.0,1.2390624779794825,size-v2-fictional_semantic-p0008-Type_A_dax_rods-vs-Type_C_dax_rods,small,1.0,-1.749199854809259,0.009186069649500228,0.22680593985182138,0.7578923893273392,0.006115601171339218,"In this measurement task, a dax is a manufactured rod-like object. Only overall length matters. The normal overall length for Type C dax rods is 46 centimeters. Compared only to that 46-centimeter length standard for Type C dax rods, an overall length of 8 centimeters counts as",c4d5111446b85970,65,-1.749199854809259,46,b,-0.5280159809973568,final_prompt_token,46.0,8 centimeters,64,8.0,fictional_semantic_adjective_counts
Type B dax rods,0.8448258161639208,huge,3.0,1.6035960254933719,size-v2-fictional_semantic-p0500-Type_F_dax_rods-vs-Type_B_dax_rods,large,2.0,4.017383521085972,0.03719065618130458,0.5335432937240242,0.4249374695014093,0.004328580593261815,"In this measurement task, a dax is a manufactured rod-like object. Only overall length matters. The normal overall length for Type B dax rods is 9 centimeters. Compared only to that 9-centimeter length standard for Type B dax rods, an overall length of 500 centimeters counts as",c6d93e501f8f77e7,65,4.017383521085972,47,b,0.14146789981065766,final_prompt_token,9.0,500 centimeters,64,500.0,fictional_semantic_adjective_counts
Type B dax rods,0.8117136815956324,huge,3.0,1.6969019729086618,size-v2-fictional_semantic-p0130-Type_E_dax_rods-vs-Type_B_dax_rods,large,2.0,2.670309873119363,0.039446332995555604,0.6221289940973564,0.33430498572728184,0.004119687179805994,"In this measurement task, a dax is a manufactured rod-like object. Only overall length matters. The normal overall length for Type B dax rods is 9 centimeters. Compared only to that 9-centimeter length standard for Type B dax rods, an overall length of 130 centimeters counts as",c9066b82ef904dfc,65,2.670309873119363,48,b,0.32315065418582417,final_prompt_token,9.0,130 centimeters,64,130.0,fictional_semantic_adjective_counts
Type B dax rods,0.8422550779191108,huge,3.0,1.5785446559542962,size-v2-fictional_semantic-p0320-Type_E_dax_rods-vs-Type_B_dax_rods,large,2.0,3.571096418457553,0.034876363297695716,0.5130066222073969,0.44790232164641514,0.00421469284849219,"In this measurement task, a dax is a manufactured rod-like object. Only overall length matters. The normal overall length for Type B dax rods is 9 centimeters. Compared only to that 9-centimeter length standard for Type B dax rods, an overall length of 320 centimeters counts as",d68f45c7b3345935,65,3.571096418457553,49,b,0.0957659710101853,final_prompt_token,9.0,320 centimeters,64,320.0,fictional_semantic_adjective_counts
Type F dax rods,0.7271688591237251,tiny,0.0,1.3725886399637484,size-v2-fictional_semantic-p0008-Type_F_dax_rods-vs-Type_A_dax_rods,small,1.0,-3.7784916128036232,0.005194964850483664,0.36922371775150403,0.6185563099092893,0.007025007488722943,"In this measurement task, a dax is a manufactured rod-like object. Only overall length matters. The normal overall length for Type F dax rods is 350 centimeters. Compared only to that 350-centimeter length standard for Type F dax rods, an overall length of 8 centimeters counts as",d912963e1f062db2,67,-3.7784916128036232,50,a,-0.2511626347960246,final_prompt_token,350.0,8 centimeters,66,8.0,fictional_semantic_adjective_counts
Type A dax rods,0.8018921393946571,huge,3.0,1.7311946196589223,size-v2-fictional_semantic-p0200-Type_E_dax_rods-vs-Type_A_dax_rods,large,2.0,5.298317366548036,0.04118906867699935,0.655401769679221,0.2968238742694827,0.006585287374297019,"In this measurement task, a dax is a manufactured rod-like object. Only overall length matters. The normal overall length for Type A dax rods is 1 centimeter. Compared only to that 1-centimeter length standard for Type A dax rods, an overall length of 200 centimeters counts as",d923d934a227a461,65,5.298317366548036,51,b,0.39318167671244064,final_prompt_token,1.0,200 centimeters,64,200.0,fictional_semantic_adjective_counts
Type D dax rods,0.3686842626644543,tiny,0.0,1.0968905782087406,size-v2-fictional_semantic-p0025-Type_A_dax_rods-vs-Type_D_dax_rods,small,1.0,-0.8754687373538999,0.0030739867918844178,0.09595313915950855,0.89576233951407,0.005210534534536932,"In this measurement task, a dax is a manufactured rod-like object. Only overall length matters. The normal overall length for Type D dax rods is 60 centimeters. Compared only to that 60-centimeter length standard for Type D dax rods, an overall length of 25 centimeters counts as",e0453d234f9b0556,66,-0.8754687373538999,52,b,-0.801945748097214,final_prompt_token,60.0,25 centimeters,65,25.0,fictional_semantic_adjective_counts
Type A dax rods,0.6526353579911166,huge,3.0,1.8461430055085908,size-v2-fictional_semantic-p0015-Type_B_dax_rods-vs-Type_A_dax_rods,large,2.0,2.70805020110221,0.037401041053409995,0.7750914052156967,0.1837570719169673,0.00375048181392599,"In this measurement task, a dax is a manufactured rod-like object. Only overall length matters. The normal overall length for Type A dax rods is 1 centimeter. Compared only to that 1-centimeter length standard for Type A dax rods, an overall length of 15 centimeters counts as",e70ec49b93a77d0e,64,2.70805020110221,53,b,0.6249848925382135,final_prompt_token,1.0,15 centimeters,63,15.0,fictional_semantic_adjective_counts
Type E dax rods,0.4727533088456891,large,2.0,1.9522939324320099,size-v2-fictional_semantic-p0320-Type_A_dax_rods-vs-Type_E_dax_rods,large,2.0,0.6325225587435105,0.041668802652863435,0.8696367855098777,0.08801395345366429,0.0006804583835946403,"In this measurement task, a dax is a manufactured rod-like object. Only overall length matters. The normal overall length for Type E dax rods is 170 centimeters. Compared only to that 170-centimeter length standard for Type E dax rods, an overall length of 320 centimeters counts as",e9692e6b22a93d2e,69,0.6325225587435105,54,b,0.8226111763254822,final_prompt_token,170.0,320 centimeters,68,320.0,fictional_semantic_adjective_counts
Type F dax rods,0.7483637900070189,tiny,0.0,1.5192320371473298,size-v2-fictional_semantic-p0040-Type_A_dax_rods-vs-Type_F_dax_rods,large,2.0,-2.169053700369523,0.004971069927874912,0.5143119868062561,0.475694853751193,0.005022089514675932,"In this measurement task, a dax is a manufactured rod-like object. Only overall length matters. The normal overall length for Type F dax rods is 350 centimeters. Compared only to that 350-centimeter length standard for Type F dax rods, an overall length of 40 centimeters counts as",eac9b507edbf7114,68,-2.169053700369523,55,b,0.03856611346826205,final_prompt_token,350.0,40 centimeters,67,40.0,fictional_semantic_adjective_counts
Type F dax rods,0.7630960645629749,tiny,0.0,1.4080205562556982,size-v2-fictional_semantic-p0003-Type_F_dax_rods-vs-Type_A_dax_rods,small,1.0,-4.75932086581535,0.004635036928618668,0.4108417048016363,0.5724320358665695,0.012091222403175523,"In this measurement task, a dax is a manufactured rod-like object. Only overall length matters. The normal overall length for Type F dax rods is 350 centimeters. Compared only to that 350-centimeter length standard for Type F dax rods, an overall length of 3 centimeters counts as",eae02a7e752bbe91,67,-4.75932086581535,56,a,-0.1690465165394901,final_prompt_token,350.0,3 centimeters,66,3.0,fictional_semantic_adjective_counts
Type E dax rods,0.6130295904375396,small,1.0,1.2646946146366025,size-v2-fictional_semantic-p0130-Type_A_dax_rods-vs-Type_E_dax_rods,small,1.0,-0.2682639865946794,0.0027447775369541577,0.2622184237199303,0.732023434585879,0.0030133641572363807,"In this measurement task, a dax is a manufactured rod-like object. Only overall length matters. The normal overall length for Type E dax rods is 170 centimeters. Compared only to that 170-centimeter length standard for Type E dax rods, an overall length of 130 centimeters counts as",f1b0b7f104ebc317,69,-0.2682639865946794,57,b,-0.47007359748623095,final_prompt_token,170.0,130 centimeters,68,130.0,fictional_semantic_adjective_counts
Type E dax rods,0.6365048403671099,tiny,0.0,1.2845839256973626,size-v2-fictional_semantic-p0060-Type_A_dax_rods-vs-Type_E_dax_rods,small,1.0,-1.041453874828161,0.003898082043438814,0.2798033777273864,0.713282924112273,0.003015616116901728,"In this measurement task, a dax is a manufactured rod-like object. Only overall length matters. The normal overall length for Type E dax rods is 170 centimeters. Compared only to that 170-centimeter length standard for Type E dax rods, an overall length of 60 centimeters counts as",f62f5d433c445a3c,68,-1.041453874828161,58,b,-0.4325970804583495,final_prompt_token,170.0,60 centimeters,67,60.0,fictional_semantic_adjective_counts
Type F dax rods,0.5357905404337847,large,2.0,1.917696596689917,size-v2-fictional_semantic-p0500-Type_F_dax_rods-vs-Type_A_dax_rods,large,2.0,0.3566749439387324,0.039314931166940126,0.8405433976790573,0.11866500783098259,0.0014766633230201775,"In this measurement task, a dax is a manufactured rod-like object. Only overall length matters. The normal overall length for Type F dax rods is 350 centimeters. Compared only to that 350-centimeter length standard for Type F dax rods, an overall length of 500 centimeters counts as",f7748266447f4bfd,69,0.3566749439387324,59,a,0.7597166576919946,final_prompt_token,350.0,500 centimeters,68,500.0,fictional_semantic_adjective_counts
Type A dax rods,0.7738919746290451,huge,3.0,1.7414021687336683,size-v2-fictional_semantic-p0008-Type_A_dax_rods-vs-Type_C_dax_rods,large,2.0,2.0794415416798357,0.037155968279445714,0.672107062877224,0.2857201381408836,0.005016830702446802,"In this measurement task, a dax is a manufactured rod-like object. Only overall length matters. The normal overall length for Type A dax rods is 1 centimeter. Compared only to that 1-centimeter length standard for Type A dax rods, an overall length of 8 centimeters counts as",fee1dc613a6f0572,63,2.0794415416798357,60,a,0.4185260623133393,final_prompt_token,1.0,8 centimeters,62,8.0,fictional_semantic_adjective_counts
Type F dax rods,0.7236839078909109,tiny,0.0,1.369587188533503,size-v2-fictional_semantic-p0090-Type_F_dax_rods-vs-Type_A_dax_rods,small,1.0,-1.3581234841531944,0.00653451766939017,0.36222956603949324,0.625524503446346,0.005711412844770579,"In this measurement task, a dax is a manufactured rod-like object. Only overall length matters. The normal overall length for Type F dax rods is 350 centimeters. Compared only to that 350-centimeter length standard for Type F dax rods, an overall length of 90 centimeters counts as",ff27db96b86b1279,68,-1.3581234841531944,61,a,-0.2624718325822332,final_prompt_token,350.0,90 centimeters,67,90.0,fictional_semantic_adjective_counts
Scale class 60 objects,0.7793489998359096,huge,3.0,1.564741494336853,size-v2-iso_ratio-p0180-Scale_class_60_objects-vs-Scale_class_120_objects,large,2.0,1.0986122886681098,0.018857881027630124,0.5282756944951886,0.4516164622635855,0.0012499622135958455,"The normal overall length for Scale class 60 objects is 60 centimeters. Compared only to that 60-centimeter length standard for Scale class 60 objects, an overall length of 180 centimeters counts as",0850eaf031524e09,48,1.0986122886681098,62,a,0.09426715104563738,final_prompt_token,60.0,180 centimeters,47,180.0,iso_ratio_adjective_counts
Scale class 240 objects,0.6338827311123998,tiny,0.0,1.2661571368237845,size-v2-iso_ratio-p0120-Scale_class_240_objects-vs-Scale_class_30_objects,small,1.0,-0.6931471805599453,0.005460460457402861,0.25997202865472063,0.7298316981421344,0.004735812745741856,"The normal overall length for Scale class 240 objects is 240 centimeters. Compared only to that 240-centimeter length standard for Scale class 240 objects, an overall length of 120 centimeters counts as",15faae26be7f88e4,52,-0.6931471805599453,63,a,-0.46913502177575284,final_prompt_token,240.0,120 centimeters,51,120.0,iso_ratio_adjective_counts
Scale class 60 objects,0.780694479291671,huge,3.0,1.6245522537382873,size-v2-iso_ratio-p0360-Scale_class_240_objects-vs-Scale_class_60_objects,large,2.0,1.791759469228055,0.023660368081441927,0.5785447025145569,0.3964817444648481,0.0013131849391531446,"The normal overall length for Scale class 60 objects is 60 centimeters. Compared only to that 60-centimeter length standard for Scale class 60 objects, an overall length of 360 centimeters counts as",1d799e9ea010699a,48,1.791759469228055,64,b,0.20441014119199757,final_prompt_token,60.0,360 centimeters,47,360.0,iso_ratio_adjective_counts
Scale class 240 objects,0.7289701154025593,tiny,0.0,1.3988998367721335,size-v2-iso_ratio-p0045-Scale_class_30_objects-vs-Scale_class_240_objects,small,1.0,-1.6739764335716716,0.008336237201836592,0.3851155650763728,0.603659995013878,0.002888202707912585,"The normal overall length for Scale class 240 objects is 240 centimeters. Compared only to that 240-centimeter length standard for Scale class 240 objects, an overall length of 45 centimeters counts as",1f3d1ea906afd645,51,-1.6739764335716716,65,b,-0.21309639544358122,final_prompt_token,240.0,45 centimeters,50,45.0,iso_ratio_adjective_counts
Scale class 240 objects,0.6670527122518798,small,1.0,1.3127436561995984,size-v2-iso_ratio-p0180-Scale_class_240_objects-vs-Scale_class_30_objects,small,1.0,-0.2876820724517809,0.005871275971265237,0.3039443292569443,0.6872411697719141,0.002943224999876516,"The normal overall length for Scale class 240 objects is 240 centimeters. Compared only to that 240-centimeter length standard for Scale class 240 objects, an overall length of 180 centimeters counts as",59b527084775f9cc,52,-0.2876820724517809,66,a,-0.38036878954358105,final_prompt_token,240.0,180 centimeters,51,180.0,iso_ratio_adjective_counts
Scale class 60 objects,0.7694295849543626,huge,3.0,1.5733908965027263,size-v2-iso_ratio-p0120-Scale_class_240_objects-vs-Scale_class_60_objects,large,2.0,0.6931471805599453,0.01627610290183152,0.5422587542679341,0.44004507926136327,0.0014200635688710016,"The normal overall length for Scale class 60 objects is 60 centimeters. Compared only to that 60-centimeter length standard for Scale class 60 objects, an overall length of 120 centimeters counts as",5e5b4fb0071fd8db,48,0.6931471805599453,67,b,0.11706971433953145,final_prompt_token,60.0,120 centimeters,47,120.0,iso_ratio_adjective_counts
Scale class 120 objects,0.49894064682845424,tiny,0.0,1.1694878619160765,size-v2-iso_ratio-p0060-Scale_class_120_objects-vs-Scale_class_30_objects,small,1.0,-0.6931471805599453,0.0031806852921551446,0.16733324435038463,0.8252793173388419,0.004206753018618354,"The normal overall length for Scale class 120 objects is 120 centimeters. Compared only to that 120-centimeter length standard for Scale class 120 objects, an overall length of 60 centimeters counts as",620e1eab4871a327,51,-0.6931471805599453,68,a,-0.6589721407149205,final_prompt_token,120.0,60 centimeters,50,60.0,iso_ratio_adjective_counts
Scale class 120 objects,0.7526273099779165,large,2.0,1.516697316704627,size-v2-iso_ratio-p0180-Scale_class_30_objects-vs-Scale_class_120_objects,large,2.0,0.4054651081081644,0.009717264690237537,0.49900127909318204,0.48954296444754974,0.0017384917690305148,"The normal overall length for Scale class 120 objects is 120 centimeters. Compared only to that 120-centimeter length standard for Scale class 120 objects, an overall length of 180 centimeters counts as",6f5eb8151d29ee7d,52,0.4054651081081644,69,b,0.01743708756683937,final_prompt_token,120.0,180 centimeters,51,180.0,iso_ratio_adjective_counts
Scale class 60 objects,0.4431666060313155,small,1.0,1.1503897770775509,size-v2-iso_ratio-p0045-Scale_class_60_objects-vs-Scale_class_30_objects,small,1.0,-0.2876820724517809,0.002356799446988148,0.1469485756118341,0.8494222275129184,0.0012723974282593368,"The normal overall length for Scale class 60 objects is 60 centimeters. Compared only to that 60-centimeter length standard for Scale class 60 objects, an overall length of 45 centimeters counts as",709b6f3b5794b54b,47,-0.2876820724517809,70,a,-0.7013892498823555,final_prompt_token,60.0,45 centimeters,46,45.0,iso_ratio_adjective_counts
Scale class 120 objects,0.7352482647855136,huge,3.0,1.7223791601584935,size-v2-iso_ratio-p0360-Scale_class_240_objects-vs-Scale_class_120_objects,large,2.0,1.0986122886681098,0.026583134656029392,0.670654922959256,0.30131991027189337,0.0014420321128212697,"The normal overall length for Scale class 120 objects is 120 centimeters. Compared only to that 120-centimeter length standard for Scale class 120 objects, an overall length of 360 centimeters counts as",78b7d8553ceda29a,52,1.0986122886681098,71,b,0.3944761152305707,final_prompt_token,120.0,360 centimeters,51,360.0,iso_ratio_adjective_counts
Scale class 120 objects,0.6072468879943037,tiny,0.0,1.260793807928984,size-v2-iso_ratio-p0045-Scale_class_30_objects-vs-Scale_class_120_objects,small,1.0,-0.9808292530117262,0.0038008155082285776,0.25542352664870643,0.7385443081068854,0.002231349736179616,"The normal overall length for Scale class 120 objects is 120 centimeters. Compared only to that 120-centimeter length standard for Scale class 120 objects, an overall length of 45 centimeters counts as",859886abadb01549,51,-0.9808292530117262,72,b,-0.4815513156861301,final_prompt_token,120.0,45 centimeters,50,45.0,iso_ratio_adjective_counts
Scale class 240 objects,0.6216191214240597,tiny,0.0,1.2581363244531165,size-v2-iso_ratio-p0060-Scale_class_240_objects-vs-Scale_class_30_objects,small,1.0,-1.3862943611198906,0.0052023362280732245,0.2519661703684454,0.7385969750320059,0.004234518371475384,"The normal overall length for Scale class 240 objects is 240 centimeters. Compared only to that 240-centimeter length standard for Scale class 240 objects, an overall length of 60 centimeters counts as",85f19770b760c1bd,51,-1.3862943611198906,73,a,-0.48566298680696274,final_prompt_token,240.0,60 centimeters,50,60.0,iso_ratio_adjective_counts
Scale class 30 objects,0.7718887839566381,huge,3.0,1.4391258512405938,size-v2-iso_ratio-p0180-Scale_class_30_objects-vs-Scale_class_120_objects,small,1.0,1.791759469228055,0.017599630752079973,0.40660182764610975,0.5731233036921344,0.0026752379096758898,"The normal overall length for Scale class 30 objects is 30 centimeters. Compared only to that 30-centimeter length standard for Scale class 30 objects, an overall length of 180 centimeters counts as",934ac2efc4a83564,48,1.791759469228055,74,a,-0.1515970832036206,final_prompt_token,30.0,180 centimeters,47,180.0,iso_ratio_adjective_counts
Scale class 240 objects,0.6940658098973361,tiny,0.0,1.3409138081377272,size-v2-iso_ratio-p0090-Scale_class_30_objects-vs-Scale_class_240_objects,small,1.0,-0.9808292530117262,0.007755430027463124,0.32832483990247197,0.6609978382503936,0.0029218918196711905,"The normal overall length for Scale class 240 objects is 240 centimeters. Compared only to that 240-centimeter length standard for Scale class 240 objects, an overall length of 90 centimeters counts as",a170392bed149c46,51,-0.9808292530117262,75,b,-0.32783946014012966,final_prompt_token,240.0,90 centimeters,50,90.0,iso_ratio_adjective_counts
Scale class 30 objects,0.7983374566124853,huge,3.0,1.5950423549569919,size-v2-iso_ratio-p0360-Scale_class_240_objects-vs-Scale_class_30_objects,large,2.0,2.4849066497880004,0.025098239756318582,0.5468162129625095,0.426115209763017,0.0019703375181548918,"The normal overall length for Scale class 30 objects is 30 centimeters. Compared only to that 30-centimeter length standard for Scale class 30 objects, an overall length of 360 centimeters counts as",a6b18e2a43059d4d,48,2.4849066497880004,76,b,0.14382890543765614,final_prompt_token,30.0,360 centimeters,47,360.0,iso_ratio_adjective_counts
Scale class 240 objects,0.6916814234996034,large,2.0,1.7492951533918049,size-v2-iso_ratio-p0360-Scale_class_240_objects-vs-Scale_class_30_objects,large,2.0,0.4054651081081644,0.02192246349094895,0.7068581019353816,0.2698115590481948,0.0014078755254746888,"The normal overall length for Scale class 240 objects is 240 centimeters. Compared only to that 240-centimeter length standard for Scale class 240 objects, an overall length of 360 centimeters counts as",b59289de04e32401,52,0.4054651081081644,77,a,0.45756113085266104,final_prompt_token,240.0,360 centimeters,51,360.0,iso_ratio_adjective_counts
Scale class 30 objects,0.7865867742529153,huge,3.0,1.5297244789057967,size-v2-iso_ratio-p0090-Scale_class_60_objects-vs-Scale_class_30_objects,large,2.0,1.0986122886681098,0.019811085112169884,0.4915499027356327,0.4871914180980217,0.001447594054175826,"The normal overall length for Scale class 30 objects is 30 centimeters. Compared only to that 30-centimeter length standard for Scale class 30 objects, an overall length of 90 centimeters counts as",bc326a3c083c3649,47,1.0986122886681098,78,b,0.02272197569560508,final_prompt_token,30.0,90 centimeters,46,90.0,iso_ratio_adjective_counts
Scale class 30 objects,0.7516700396371012,huge,3.0,1.4356069447348225,size-v2-iso_ratio-p0060-Scale_class_120_objects-vs-Scale_class_30_objects,small,1.0,0.6931471805599453,0.012814203598951343,0.41182532936497873,0.5735136752080109,0.0018467918280590664,"The normal overall length for Scale class 30 objects is 30 centimeters. Compared only to that 30-centimeter length standard for Scale class 30 objects, an overall length of 60 centimeters counts as",c7a9ab7e19df56e3,47,0.6931471805599453,79,b,-0.15072093407213982,final_prompt_token,30.0,60 centimeters,46,60.0,iso_ratio_adjective_counts
Scale class 30 objects,0.7569959788413058,large,2.0,1.4880887896397976,size-v2-iso_ratio-p0045-Scale_class_60_objects-vs-Scale_class_30_objects,small,1.0,0.4054651081081644,0.011691020181839184,0.46614362803487597,0.5207284730245277,0.0014368787587569973,"The normal overall length for Scale class 30 objects is 30 centimeters. Compared only to that 30-centimeter length standard for Scale class 30 objects, an overall length of 45 centimeters counts as",e32d11abcab8af36,47,0.4054651081081644,80,b,-0.04433070356656954,final_prompt_token,30.0,45 centimeters,46,45.0,iso_ratio_adjective_counts
Scale class 120 objects,0.5177619557098354,small,1.0,1.1864643274448154,size-v2-iso_ratio-p0090-Scale_class_120_objects-vs-Scale_class_30_objects,small,1.0,-0.2876820724517809,0.003995774010188824,0.18134406694989597,0.8117888715144572,0.0028712875254580227,"The normal overall length for Scale class 120 objects is 120 centimeters. Compared only to that 120-centimeter length standard for Scale class 120 objects, an overall length of 90 centimeters counts as",ec1ecb9551a2b17a,51,-0.2876820724517809,81,a,-0.6293203180798305,final_prompt_token,120.0,90 centimeters,50,90.0,iso_ratio_adjective_counts
Scale class 30 objects,0.7831599196744663,huge,3.0,1.4898095200374872,size-v2-iso_ratio-p0120-Scale_class_240_objects-vs-Scale_class_30_objects,small,1.0,1.3862943611198906,0.017779793711757537,0.4566790751658244,0.5231119885705658,0.0024291425518522787,"The normal overall length for Scale class 30 objects is 30 centimeters. Compared only to that 30-centimeter length standard for Scale class 30 objects, an overall length of 120 centimeters counts as",f6cb990972e9e5a6,48,1.3862943611198906,82,b,-0.05108226224483614,final_prompt_token,30.0,120 centimeters,47,120.0,iso_ratio_adjective_counts
Scale class 60 objects,0.760755031003587,large,2.0,1.5200448877646562,size-v2-iso_ratio-p0090-Scale_class_60_objects-vs-Scale_class_30_objects,large,2.0,0.4054651081081644,0.013397226798518552,0.49403056985092636,0.4917920676672474,0.000780135683307565,"The normal overall length for Scale class 60 objects is 60 centimeters. Compared only to that 60-centimeter length standard for Scale class 60 objects, an overall length of 90 centimeters counts as",fbe71983041ea84d,47,0.4054651081081644,83,a,0.014855593298889913,final_prompt_token,60.0,90 centimeters,46,90.0,iso_ratio_adjective_counts
