a_expected_label,a_prompt,b_expected_label,b_prompt,comparison_a,comparison_b,context_type,control_type,design,dimension,is_artificial_norm,is_borderline,log_ratio_a,log_ratio_b,pair_flipped,pair_id,pair_orientation_base_key,predicate_family,ratio_a,ratio_b,ratio_bucket_a,ratio_bucket_b,regime,scale_type,source,standard_a,standard_b,standard_type,target,type,unit,value
huge,"The normal body length for an ant is 1 centimeters. Compared only to that 1-centimeter baseline for an ant, a body length of 3 centimeters feels",tiny,"The normal body length for a house mouse is 9 centimeters. Compared only to that 9-centimeter baseline for a house mouse, a body length of 3 centimeters feels",an ant,a house mouse,natural_world_anchor,standard_explicit,size_v2_behavioral_lockin_same_value_different_standard,size,False,False,1.0986122886681098,-1.0986122886681098,False,size-v2-natural-p0003-an_ant-vs-a_house_mouse,size-v2-natural-p0003-an_ant-vs-a_house_mouse,tiny_huge,3.0,0.3333333333333333,3,0.333333,natural,relative_open_size,bierwisch_kennedy_size_v2_natural,1,9,comparison_class_explicit,3 centimeters,gradable_scalar,centimeters,3
tiny,"The normal body length for a domestic cat is 46 centimeters. Compared only to that 46-centimeter baseline for a domestic cat, a body length of 3 centimeters feels",huge,"The normal body length for an ant is 1 centimeters. Compared only to that 1-centimeter baseline for an ant, a body length of 3 centimeters feels",a domestic cat,an ant,natural_world_anchor,standard_explicit,size_v2_behavioral_lockin_same_value_different_standard,size,False,False,-2.7300291078209855,1.0986122886681098,True,size-v2-natural-p0003-a_domestic_cat-vs-an_ant,size-v2-natural-p0003-an_ant-vs-a_domestic_cat,tiny_huge,0.06521739130434782,3.0,0.0652174,3,natural,relative_open_size,bierwisch_kennedy_size_v2_natural,46,1,comparison_class_explicit,3 centimeters,gradable_scalar,centimeters,3
tiny,"The normal body length for a labrador dog is 60 centimeters. Compared only to that 60-centimeter baseline for a labrador dog, a body length of 3 centimeters feels",huge,"The normal body length for an ant is 1 centimeters. Compared only to that 1-centimeter baseline for an ant, a body length of 3 centimeters feels",a labrador dog,an ant,natural_world_anchor,standard_explicit,size_v2_behavioral_lockin_same_value_different_standard,size,False,False,-2.995732273553991,1.0986122886681098,True,size-v2-natural-p0003-a_labrador_dog-vs-an_ant,size-v2-natural-p0003-an_ant-vs-a_labrador_dog,tiny_huge,0.05,3.0,0.05,3,natural,relative_open_size,bierwisch_kennedy_size_v2_natural,60,1,comparison_class_explicit,3 centimeters,gradable_scalar,centimeters,3
tiny,"The normal body length for an adult human is 170 centimeters. Compared only to that 170-centimeter baseline for an adult human, a body length of 3 centimeters feels",huge,"The normal body length for an ant is 1 centimeters. Compared only to that 1-centimeter baseline for an ant, a body length of 3 centimeters feels",an adult human,an ant,natural_world_anchor,standard_explicit,size_v2_behavioral_lockin_same_value_different_standard,size,False,False,-4.037186148382152,1.0986122886681098,True,size-v2-natural-p0003-an_adult_human-vs-an_ant,size-v2-natural-p0003-an_ant-vs-an_adult_human,tiny_huge,0.01764705882352941,3.0,0.0176471,3,natural,relative_open_size,bierwisch_kennedy_size_v2_natural,170,1,comparison_class_explicit,3 centimeters,gradable_scalar,centimeters,3
tiny,"The normal body length for an african elephant is 350 centimeters. Compared only to that 350-centimeter baseline for an african elephant, a body length of 3 centimeters feels",huge,"The normal body length for an ant is 1 centimeters. Compared only to that 1-centimeter baseline for an ant, a body length of 3 centimeters feels",an african elephant,an ant,natural_world_anchor,standard_explicit,size_v2_behavioral_lockin_same_value_different_standard,size,False,False,-4.75932086581535,1.0986122886681098,True,size-v2-natural-p0003-an_african_elephant-vs-an_ant,size-v2-natural-p0003-an_ant-vs-an_african_elephant,tiny_huge,0.008571428571428572,3.0,0.00857143,3,natural,relative_open_size,bierwisch_kennedy_size_v2_natural,350,1,comparison_class_explicit,3 centimeters,gradable_scalar,centimeters,3
tiny,"The normal body length for a domestic cat is 46 centimeters. Compared only to that 46-centimeter baseline for a domestic cat, a body length of 8 centimeters feels",huge,"The normal body length for an ant is 1 centimeters. Compared only to that 1-centimeter baseline for an ant, a body length of 8 centimeters feels",a domestic cat,an ant,natural_world_anchor,standard_explicit,size_v2_behavioral_lockin_same_value_different_standard,size,False,False,-1.749199854809259,2.0794415416798357,True,size-v2-natural-p0008-a_domestic_cat-vs-an_ant,size-v2-natural-p0008-an_ant-vs-a_domestic_cat,tiny_huge,0.17391304347826086,8.0,0.173913,8,natural,relative_open_size,bierwisch_kennedy_size_v2_natural,46,1,comparison_class_explicit,8 centimeters,gradable_scalar,centimeters,8
huge,"The normal body length for an ant is 1 centimeters. Compared only to that 1-centimeter baseline for an ant, a body length of 8 centimeters feels",tiny,"The normal body length for a labrador dog is 60 centimeters. Compared only to that 60-centimeter baseline for a labrador dog, a body length of 8 centimeters feels",an ant,a labrador dog,natural_world_anchor,standard_explicit,size_v2_behavioral_lockin_same_value_different_standard,size,False,False,2.0794415416798357,-2.0149030205422647,False,size-v2-natural-p0008-an_ant-vs-a_labrador_dog,size-v2-natural-p0008-an_ant-vs-a_labrador_dog,tiny_huge,8.0,0.13333333333333333,8,0.133333,natural,relative_open_size,bierwisch_kennedy_size_v2_natural,1,60,comparison_class_explicit,8 centimeters,gradable_scalar,centimeters,8
huge,"The normal body length for an ant is 1 centimeters. Compared only to that 1-centimeter baseline for an ant, a body length of 8 centimeters feels",tiny,"The normal body length for an adult human is 170 centimeters. Compared only to that 170-centimeter baseline for an adult human, a body length of 8 centimeters feels",an ant,an adult human,natural_world_anchor,standard_explicit,size_v2_behavioral_lockin_same_value_different_standard,size,False,False,2.0794415416798357,-3.056356895370426,False,size-v2-natural-p0008-an_ant-vs-an_adult_human,size-v2-natural-p0008-an_ant-vs-an_adult_human,tiny_huge,8.0,0.047058823529411764,8,0.0470588,natural,relative_open_size,bierwisch_kennedy_size_v2_natural,1,170,comparison_class_explicit,8 centimeters,gradable_scalar,centimeters,8
tiny,"The normal body length for an african elephant is 350 centimeters. Compared only to that 350-centimeter baseline for an african elephant, a body length of 8 centimeters feels",huge,"The normal body length for an ant is 1 centimeters. Compared only to that 1-centimeter baseline for an ant, a body length of 8 centimeters feels",an african elephant,an ant,natural_world_anchor,standard_explicit,size_v2_behavioral_lockin_same_value_different_standard,size,False,False,-3.7784916128036232,2.0794415416798357,True,size-v2-natural-p0008-an_african_elephant-vs-an_ant,size-v2-natural-p0008-an_ant-vs-an_african_elephant,tiny_huge,0.022857142857142857,8.0,0.0228571,8,natural,relative_open_size,bierwisch_kennedy_size_v2_natural,350,1,comparison_class_explicit,8 centimeters,gradable_scalar,centimeters,8
large,"The normal body length for a house mouse is 9 centimeters. Compared only to that 9-centimeter baseline for a house mouse, a body length of 15 centimeters feels",huge,"The normal body length for an ant is 1 centimeters. Compared only to that 1-centimeter baseline for an ant, a body length of 15 centimeters feels",a house mouse,an ant,natural_world_anchor,standard_explicit,size_v2_behavioral_lockin_same_value_different_standard,size,False,False,0.5108256237659907,2.70805020110221,True,size-v2-natural-p0015-a_house_mouse-vs-an_ant,size-v2-natural-p0015-an_ant-vs-a_house_mouse,tiny_huge,1.6666666666666667,15.0,1.66667,15,natural,relative_open_size,bierwisch_kennedy_size_v2_natural,9,1,comparison_class_explicit,15 centimeters,gradable_scalar,centimeters,15
tiny,"The normal body length for a domestic cat is 46 centimeters. Compared only to that 46-centimeter baseline for a domestic cat, a body length of 15 centimeters feels",huge,"The normal body length for an ant is 1 centimeters. Compared only to that 1-centimeter baseline for an ant, a body length of 15 centimeters feels",a domestic cat,an ant,natural_world_anchor,standard_explicit,size_v2_behavioral_lockin_same_value_different_standard,size,False,False,-1.120591195386885,2.70805020110221,True,size-v2-natural-p0015-a_domestic_cat-vs-an_ant,size-v2-natural-p0015-an_ant-vs-a_domestic_cat,tiny_huge,0.32608695652173914,15.0,0.326087,15,natural,relative_open_size,bierwisch_kennedy_size_v2_natural,46,1,comparison_class_explicit,15 centimeters,gradable_scalar,centimeters,15
tiny,"The normal body length for a labrador dog is 60 centimeters. Compared only to that 60-centimeter baseline for a labrador dog, a body length of 15 centimeters feels",huge,"The normal body length for an ant is 1 centimeters. Compared only to that 1-centimeter baseline for an ant, a body length of 15 centimeters feels",a labrador dog,an ant,natural_world_anchor,standard_explicit,size_v2_behavioral_lockin_same_value_different_standard,size,False,False,-1.3862943611198906,2.70805020110221,True,size-v2-natural-p0015-a_labrador_dog-vs-an_ant,size-v2-natural-p0015-an_ant-vs-a_labrador_dog,tiny_huge,0.25,15.0,0.25,15,natural,relative_open_size,bierwisch_kennedy_size_v2_natural,60,1,comparison_class_explicit,15 centimeters,gradable_scalar,centimeters,15
huge,"The normal body length for an ant is 1 centimeters. Compared only to that 1-centimeter baseline for an ant, a body length of 15 centimeters feels",tiny,"The normal body length for an adult human is 170 centimeters. Compared only to that 170-centimeter baseline for an adult human, a body length of 15 centimeters feels",an ant,an adult human,natural_world_anchor,standard_explicit,size_v2_behavioral_lockin_same_value_different_standard,size,False,False,2.70805020110221,-2.4277482359480516,False,size-v2-natural-p0015-an_ant-vs-an_adult_human,size-v2-natural-p0015-an_ant-vs-an_adult_human,tiny_huge,15.0,0.08823529411764706,15,0.0882353,natural,relative_open_size,bierwisch_kennedy_size_v2_natural,1,170,comparison_class_explicit,15 centimeters,gradable_scalar,centimeters,15
tiny,"The normal body length for an african elephant is 350 centimeters. Compared only to that 350-centimeter baseline for an african elephant, a body length of 15 centimeters feels",huge,"The normal body length for an ant is 1 centimeters. Compared only to that 1-centimeter baseline for an ant, a body length of 15 centimeters feels",an african elephant,an ant,natural_world_anchor,standard_explicit,size_v2_behavioral_lockin_same_value_different_standard,size,False,False,-3.1498829533812494,2.70805020110221,True,size-v2-natural-p0015-an_african_elephant-vs-an_ant,size-v2-natural-p0015-an_ant-vs-an_african_elephant,tiny_huge,0.04285714285714286,15.0,0.0428571,15,natural,relative_open_size,bierwisch_kennedy_size_v2_natural,350,1,comparison_class_explicit,15 centimeters,gradable_scalar,centimeters,15
large,"The normal body length for a house mouse is 9 centimeters. Compared only to that 9-centimeter baseline for a house mouse, a body length of 15 centimeters feels",tiny,"The normal body length for a domestic cat is 46 centimeters. Compared only to that 46-centimeter baseline for a domestic cat, a body length of 15 centimeters feels",a house mouse,a domestic cat,natural_world_anchor,standard_explicit,size_v2_behavioral_lockin_same_value_different_standard,size,False,False,0.5108256237659907,-1.120591195386885,False,size-v2-natural-p0015-a_house_mouse-vs-a_domestic_cat,size-v2-natural-p0015-a_house_mouse-vs-a_domestic_cat,tiny_huge,1.6666666666666667,0.32608695652173914,1.66667,0.326087,natural,relative_open_size,bierwisch_kennedy_size_v2_natural,9,46,comparison_class_explicit,15 centimeters,gradable_scalar,centimeters,15
tiny,"The normal body length for a labrador dog is 60 centimeters. Compared only to that 60-centimeter baseline for a labrador dog, a body length of 15 centimeters feels",large,"The normal body length for a house mouse is 9 centimeters. Compared only to that 9-centimeter baseline for a house mouse, a body length of 15 centimeters feels",a labrador dog,a house mouse,natural_world_anchor,standard_explicit,size_v2_behavioral_lockin_same_value_different_standard,size,False,False,-1.3862943611198906,0.5108256237659907,True,size-v2-natural-p0015-a_labrador_dog-vs-a_house_mouse,size-v2-natural-p0015-a_house_mouse-vs-a_labrador_dog,tiny_huge,0.25,1.6666666666666667,0.25,1.66667,natural,relative_open_size,bierwisch_kennedy_size_v2_natural,60,9,comparison_class_explicit,15 centimeters,gradable_scalar,centimeters,15
large,"The normal body length for a house mouse is 9 centimeters. Compared only to that 9-centimeter baseline for a house mouse, a body length of 15 centimeters feels",tiny,"The normal body length for an adult human is 170 centimeters. Compared only to that 170-centimeter baseline for an adult human, a body length of 15 centimeters feels",a house mouse,an adult human,natural_world_anchor,standard_explicit,size_v2_behavioral_lockin_same_value_different_standard,size,False,False,0.5108256237659907,-2.4277482359480516,False,size-v2-natural-p0015-a_house_mouse-vs-an_adult_human,size-v2-natural-p0015-a_house_mouse-vs-an_adult_human,tiny_huge,1.6666666666666667,0.08823529411764706,1.66667,0.0882353,natural,relative_open_size,bierwisch_kennedy_size_v2_natural,9,170,comparison_class_explicit,15 centimeters,gradable_scalar,centimeters,15
large,"The normal body length for a house mouse is 9 centimeters. Compared only to that 9-centimeter baseline for a house mouse, a body length of 15 centimeters feels",tiny,"The normal body length for an african elephant is 350 centimeters. Compared only to that 350-centimeter baseline for an african elephant, a body length of 15 centimeters feels",a house mouse,an african elephant,natural_world_anchor,standard_explicit,size_v2_behavioral_lockin_same_value_different_standard,size,False,False,0.5108256237659907,-3.1498829533812494,False,size-v2-natural-p0015-a_house_mouse-vs-an_african_elephant,size-v2-natural-p0015-a_house_mouse-vs-an_african_elephant,tiny_huge,1.6666666666666667,0.04285714285714286,1.66667,0.0428571,natural,relative_open_size,bierwisch_kennedy_size_v2_natural,9,350,comparison_class_explicit,15 centimeters,gradable_scalar,centimeters,15
small,"The normal body length for a domestic cat is 46 centimeters. Compared only to that 46-centimeter baseline for a domestic cat, a body length of 25 centimeters feels",huge,"The normal body length for an ant is 1 centimeters. Compared only to that 1-centimeter baseline for an ant, a body length of 25 centimeters feels",a domestic cat,an ant,natural_world_anchor,standard_explicit,size_v2_behavioral_lockin_same_value_different_standard,size,False,False,-0.6097655716208943,3.2188758248682006,True,size-v2-natural-p0025-a_domestic_cat-vs-an_ant,size-v2-natural-p0025-an_ant-vs-a_domestic_cat,tiny_huge,0.5434782608695652,25.0,0.543478,25,natural,relative_open_size,bierwisch_kennedy_size_v2_natural,46,1,comparison_class_explicit,25 centimeters,gradable_scalar,centimeters,25
tiny,"The normal body length for a labrador dog is 60 centimeters. Compared only to that 60-centimeter baseline for a labrador dog, a body length of 25 centimeters feels",huge,"The normal body length for an ant is 1 centimeters. Compared only to that 1-centimeter baseline for an ant, a body length of 25 centimeters feels",a labrador dog,an ant,natural_world_anchor,standard_explicit,size_v2_behavioral_lockin_same_value_different_standard,size,False,False,-0.8754687373538999,3.2188758248682006,True,size-v2-natural-p0025-a_labrador_dog-vs-an_ant,size-v2-natural-p0025-an_ant-vs-a_labrador_dog,tiny_huge,0.4166666666666667,25.0,0.416667,25,natural,relative_open_size,bierwisch_kennedy_size_v2_natural,60,1,comparison_class_explicit,25 centimeters,gradable_scalar,centimeters,25
huge,"The normal body length for an ant is 1 centimeters. Compared only to that 1-centimeter baseline for an ant, a body length of 25 centimeters feels",tiny,"The normal body length for an adult human is 170 centimeters. Compared only to that 170-centimeter baseline for an adult human, a body length of 25 centimeters feels",an ant,an adult human,natural_world_anchor,standard_explicit,size_v2_behavioral_lockin_same_value_different_standard,size,False,False,3.2188758248682006,-1.916922612182061,False,size-v2-natural-p0025-an_ant-vs-an_adult_human,size-v2-natural-p0025-an_ant-vs-an_adult_human,tiny_huge,25.0,0.14705882352941177,25,0.147059,natural,relative_open_size,bierwisch_kennedy_size_v2_natural,1,170,comparison_class_explicit,25 centimeters,gradable_scalar,centimeters,25
huge,"The normal body length for an ant is 1 centimeters. Compared only to that 1-centimeter baseline for an ant, a body length of 25 centimeters feels",tiny,"The normal body length for an african elephant is 350 centimeters. Compared only to that 350-centimeter baseline for an african elephant, a body length of 25 centimeters feels",an ant,an african elephant,natural_world_anchor,standard_explicit,size_v2_behavioral_lockin_same_value_different_standard,size,False,False,3.2188758248682006,-2.639057329615259,False,size-v2-natural-p0025-an_ant-vs-an_african_elephant,size-v2-natural-p0025-an_ant-vs-an_african_elephant,tiny_huge,25.0,0.07142857142857142,25,0.0714286,natural,relative_open_size,bierwisch_kennedy_size_v2_natural,1,350,comparison_class_explicit,25 centimeters,gradable_scalar,centimeters,25
small,"The normal body length for a domestic cat is 46 centimeters. Compared only to that 46-centimeter baseline for a domestic cat, a body length of 25 centimeters feels",huge,"The normal body length for a house mouse is 9 centimeters. Compared only to that 9-centimeter baseline for a house mouse, a body length of 25 centimeters feels",a domestic cat,a house mouse,natural_world_anchor,standard_explicit,size_v2_behavioral_lockin_same_value_different_standard,size,False,False,-0.6097655716208943,1.0216512475319812,True,size-v2-natural-p0025-a_domestic_cat-vs-a_house_mouse,size-v2-natural-p0025-a_house_mouse-vs-a_domestic_cat,tiny_huge,0.5434782608695652,2.7777777777777777,0.543478,2.77778,natural,relative_open_size,bierwisch_kennedy_size_v2_natural,46,9,comparison_class_explicit,25 centimeters,gradable_scalar,centimeters,25
tiny,"The normal body length for a labrador dog is 60 centimeters. Compared only to that 60-centimeter baseline for a labrador dog, a body length of 25 centimeters feels",huge,"The normal body length for a house mouse is 9 centimeters. Compared only to that 9-centimeter baseline for a house mouse, a body length of 25 centimeters feels",a labrador dog,a house mouse,natural_world_anchor,standard_explicit,size_v2_behavioral_lockin_same_value_different_standard,size,False,False,-0.8754687373538999,1.0216512475319812,True,size-v2-natural-p0025-a_labrador_dog-vs-a_house_mouse,size-v2-natural-p0025-a_house_mouse-vs-a_labrador_dog,tiny_huge,0.4166666666666667,2.7777777777777777,0.416667,2.77778,natural,relative_open_size,bierwisch_kennedy_size_v2_natural,60,9,comparison_class_explicit,25 centimeters,gradable_scalar,centimeters,25
tiny,"The normal body length for an adult human is 170 centimeters. Compared only to that 170-centimeter baseline for an adult human, a body length of 25 centimeters feels",huge,"The normal body length for a house mouse is 9 centimeters. Compared only to that 9-centimeter baseline for a house mouse, a body length of 25 centimeters feels",an adult human,a house mouse,natural_world_anchor,standard_explicit,size_v2_behavioral_lockin_same_value_different_standard,size,False,False,-1.916922612182061,1.0216512475319812,True,size-v2-natural-p0025-an_adult_human-vs-a_house_mouse,size-v2-natural-p0025-a_house_mouse-vs-an_adult_human,tiny_huge,0.14705882352941177,2.7777777777777777,0.147059,2.77778,natural,relative_open_size,bierwisch_kennedy_size_v2_natural,170,9,comparison_class_explicit,25 centimeters,gradable_scalar,centimeters,25
huge,"The normal body length for a house mouse is 9 centimeters. Compared only to that 9-centimeter baseline for a house mouse, a body length of 25 centimeters feels",tiny,"The normal body length for an african elephant is 350 centimeters. Compared only to that 350-centimeter baseline for an african elephant, a body length of 25 centimeters feels",a house mouse,an african elephant,natural_world_anchor,standard_explicit,size_v2_behavioral_lockin_same_value_different_standard,size,False,False,1.0216512475319812,-2.639057329615259,False,size-v2-natural-p0025-a_house_mouse-vs-an_african_elephant,size-v2-natural-p0025-a_house_mouse-vs-an_african_elephant,tiny_huge,2.7777777777777777,0.07142857142857142,2.77778,0.0714286,natural,relative_open_size,bierwisch_kennedy_size_v2_natural,9,350,comparison_class_explicit,25 centimeters,gradable_scalar,centimeters,25
tiny,"The normal body length for a labrador dog is 60 centimeters. Compared only to that 60-centimeter baseline for a labrador dog, a body length of 25 centimeters feels",small,"The normal body length for a domestic cat is 46 centimeters. Compared only to that 46-centimeter baseline for a domestic cat, a body length of 25 centimeters feels",a labrador dog,a domestic cat,natural_world_anchor,standard_explicit,size_v2_behavioral_lockin_same_value_different_standard,size,False,False,-0.8754687373538999,-0.6097655716208943,True,size-v2-natural-p0025-a_labrador_dog-vs-a_domestic_cat,size-v2-natural-p0025-a_domestic_cat-vs-a_labrador_dog,tiny_huge,0.4166666666666667,0.5434782608695652,0.416667,0.543478,natural,relative_open_size,bierwisch_kennedy_size_v2_natural,60,46,comparison_class_explicit,25 centimeters,gradable_scalar,centimeters,25
small,"The normal body length for a domestic cat is 46 centimeters. Compared only to that 46-centimeter baseline for a domestic cat, a body length of 25 centimeters feels",tiny,"The normal body length for an adult human is 170 centimeters. Compared only to that 170-centimeter baseline for an adult human, a body length of 25 centimeters feels",a domestic cat,an adult human,natural_world_anchor,standard_explicit,size_v2_behavioral_lockin_same_value_different_standard,size,False,False,-0.6097655716208943,-1.916922612182061,False,size-v2-natural-p0025-a_domestic_cat-vs-an_adult_human,size-v2-natural-p0025-a_domestic_cat-vs-an_adult_human,tiny_huge,0.5434782608695652,0.14705882352941177,0.543478,0.147059,natural,relative_open_size,bierwisch_kennedy_size_v2_natural,46,170,comparison_class_explicit,25 centimeters,gradable_scalar,centimeters,25
tiny,"The normal body length for an african elephant is 350 centimeters. Compared only to that 350-centimeter baseline for an african elephant, a body length of 25 centimeters feels",small,"The normal body length for a domestic cat is 46 centimeters. Compared only to that 46-centimeter baseline for a domestic cat, a body length of 25 centimeters feels",an african elephant,a domestic cat,natural_world_anchor,standard_explicit,size_v2_behavioral_lockin_same_value_different_standard,size,False,False,-2.639057329615259,-0.6097655716208943,True,size-v2-natural-p0025-an_african_elephant-vs-a_domestic_cat,size-v2-natural-p0025-a_domestic_cat-vs-an_african_elephant,tiny_huge,0.07142857142857142,0.5434782608695652,0.0714286,0.543478,natural,relative_open_size,bierwisch_kennedy_size_v2_natural,350,46,comparison_class_explicit,25 centimeters,gradable_scalar,centimeters,25
huge,"The normal body length for an ant is 1 centimeters. Compared only to that 1-centimeter baseline for an ant, a body length of 40 centimeters feels",small,"The normal body length for a labrador dog is 60 centimeters. Compared only to that 60-centimeter baseline for a labrador dog, a body length of 40 centimeters feels",an ant,a labrador dog,natural_world_anchor,standard_explicit,size_v2_behavioral_lockin_same_value_different_standard,size,False,False,3.6888794541139363,-0.40546510810816444,False,size-v2-natural-p0040-an_ant-vs-a_labrador_dog,size-v2-natural-p0040-an_ant-vs-a_labrador_dog,tiny_huge,40.0,0.6666666666666666,40,0.666667,natural,relative_open_size,bierwisch_kennedy_size_v2_natural,1,60,comparison_class_explicit,40 centimeters,gradable_scalar,centimeters,40
tiny,"The normal body length for an adult human is 170 centimeters. Compared only to that 170-centimeter baseline for an adult human, a body length of 40 centimeters feels",huge,"The normal body length for an ant is 1 centimeters. Compared only to that 1-centimeter baseline for an ant, a body length of 40 centimeters feels",an adult human,an ant,natural_world_anchor,standard_explicit,size_v2_behavioral_lockin_same_value_different_standard,size,False,False,-1.4469189829363254,3.6888794541139363,True,size-v2-natural-p0040-an_adult_human-vs-an_ant,size-v2-natural-p0040-an_ant-vs-an_adult_human,tiny_huge,0.23529411764705882,40.0,0.235294,40,natural,relative_open_size,bierwisch_kennedy_size_v2_natural,170,1,comparison_class_explicit,40 centimeters,gradable_scalar,centimeters,40
huge,"The normal body length for an ant is 1 centimeters. Compared only to that 1-centimeter baseline for an ant, a body length of 40 centimeters feels",tiny,"The normal body length for an african elephant is 350 centimeters. Compared only to that 350-centimeter baseline for an african elephant, a body length of 40 centimeters feels",an ant,an african elephant,natural_world_anchor,standard_explicit,size_v2_behavioral_lockin_same_value_different_standard,size,False,False,3.6888794541139363,-2.169053700369523,False,size-v2-natural-p0040-an_ant-vs-an_african_elephant,size-v2-natural-p0040-an_ant-vs-an_african_elephant,tiny_huge,40.0,0.11428571428571428,40,0.114286,natural,relative_open_size,bierwisch_kennedy_size_v2_natural,1,350,comparison_class_explicit,40 centimeters,gradable_scalar,centimeters,40
small,"The normal body length for a labrador dog is 60 centimeters. Compared only to that 60-centimeter baseline for a labrador dog, a body length of 40 centimeters feels",huge,"The normal body length for a house mouse is 9 centimeters. Compared only to that 9-centimeter baseline for a house mouse, a body length of 40 centimeters feels",a labrador dog,a house mouse,natural_world_anchor,standard_explicit,size_v2_behavioral_lockin_same_value_different_standard,size,False,False,-0.40546510810816444,1.491654876777717,True,size-v2-natural-p0040-a_labrador_dog-vs-a_house_mouse,size-v2-natural-p0040-a_house_mouse-vs-a_labrador_dog,tiny_huge,0.6666666666666666,4.444444444444445,0.666667,4.44444,natural,relative_open_size,bierwisch_kennedy_size_v2_natural,60,9,comparison_class_explicit,40 centimeters,gradable_scalar,centimeters,40
huge,"The normal body length for a house mouse is 9 centimeters. Compared only to that 9-centimeter baseline for a house mouse, a body length of 40 centimeters feels",tiny,"The normal body length for an adult human is 170 centimeters. Compared only to that 170-centimeter baseline for an adult human, a body length of 40 centimeters feels",a house mouse,an adult human,natural_world_anchor,standard_explicit,size_v2_behavioral_lockin_same_value_different_standard,size,False,False,1.491654876777717,-1.4469189829363254,False,size-v2-natural-p0040-a_house_mouse-vs-an_adult_human,size-v2-natural-p0040-a_house_mouse-vs-an_adult_human,tiny_huge,4.444444444444445,0.23529411764705882,4.44444,0.235294,natural,relative_open_size,bierwisch_kennedy_size_v2_natural,9,170,comparison_class_explicit,40 centimeters,gradable_scalar,centimeters,40
huge,"The normal body length for a house mouse is 9 centimeters. Compared only to that 9-centimeter baseline for a house mouse, a body length of 40 centimeters feels",tiny,"The normal body length for an african elephant is 350 centimeters. Compared only to that 350-centimeter baseline for an african elephant, a body length of 40 centimeters feels",a house mouse,an african elephant,natural_world_anchor,standard_explicit,size_v2_behavioral_lockin_same_value_different_standard,size,False,False,1.491654876777717,-2.169053700369523,False,size-v2-natural-p0040-a_house_mouse-vs-an_african_elephant,size-v2-natural-p0040-a_house_mouse-vs-an_african_elephant,tiny_huge,4.444444444444445,0.11428571428571428,4.44444,0.114286,natural,relative_open_size,bierwisch_kennedy_size_v2_natural,9,350,comparison_class_explicit,40 centimeters,gradable_scalar,centimeters,40
small,"The normal body length for a labrador dog is 60 centimeters. Compared only to that 60-centimeter baseline for a labrador dog, a body length of 40 centimeters feels",tiny,"The normal body length for an adult human is 170 centimeters. Compared only to that 170-centimeter baseline for an adult human, a body length of 40 centimeters feels",a labrador dog,an adult human,natural_world_anchor,standard_explicit,size_v2_behavioral_lockin_same_value_different_standard,size,False,False,-0.40546510810816444,-1.4469189829363254,False,size-v2-natural-p0040-a_labrador_dog-vs-an_adult_human,size-v2-natural-p0040-a_labrador_dog-vs-an_adult_human,tiny_huge,0.6666666666666666,0.23529411764705882,0.666667,0.235294,natural,relative_open_size,bierwisch_kennedy_size_v2_natural,60,170,comparison_class_explicit,40 centimeters,gradable_scalar,centimeters,40
tiny,"The normal body length for an african elephant is 350 centimeters. Compared only to that 350-centimeter baseline for an african elephant, a body length of 40 centimeters feels",small,"The normal body length for a labrador dog is 60 centimeters. Compared only to that 60-centimeter baseline for a labrador dog, a body length of 40 centimeters feels",an african elephant,a labrador dog,natural_world_anchor,standard_explicit,size_v2_behavioral_lockin_same_value_different_standard,size,False,False,-2.169053700369523,-0.40546510810816444,True,size-v2-natural-p0040-an_african_elephant-vs-a_labrador_dog,size-v2-natural-p0040-a_labrador_dog-vs-an_african_elephant,tiny_huge,0.11428571428571428,0.6666666666666666,0.114286,0.666667,natural,relative_open_size,bierwisch_kennedy_size_v2_natural,350,60,comparison_class_explicit,40 centimeters,gradable_scalar,centimeters,40
huge,"The normal body length for an ant is 1 centimeters. Compared only to that 1-centimeter baseline for an ant, a body length of 60 centimeters feels",large,"The normal body length for a domestic cat is 46 centimeters. Compared only to that 46-centimeter baseline for a domestic cat, a body length of 60 centimeters feels",an ant,a domestic cat,natural_world_anchor,standard_explicit,size_v2_behavioral_lockin_same_value_different_standard,size,False,False,4.0943445622221,0.2657031657330057,False,size-v2-natural-p0060-an_ant-vs-a_domestic_cat,size-v2-natural-p0060-an_ant-vs-a_domestic_cat,tiny_huge,60.0,1.3043478260869565,60,1.30435,natural,relative_open_size,bierwisch_kennedy_size_v2_natural,1,46,comparison_class_explicit,60 centimeters,gradable_scalar,centimeters,60
tiny,"The normal body length for an adult human is 170 centimeters. Compared only to that 170-centimeter baseline for an adult human, a body length of 60 centimeters feels",huge,"The normal body length for an ant is 1 centimeters. Compared only to that 1-centimeter baseline for an ant, a body length of 60 centimeters feels",an adult human,an ant,natural_world_anchor,standard_explicit,size_v2_behavioral_lockin_same_value_different_standard,size,False,False,-1.041453874828161,4.0943445622221,True,size-v2-natural-p0060-an_adult_human-vs-an_ant,size-v2-natural-p0060-an_ant-vs-an_adult_human,tiny_huge,0.35294117647058826,60.0,0.352941,60,natural,relative_open_size,bierwisch_kennedy_size_v2_natural,170,1,comparison_class_explicit,60 centimeters,gradable_scalar,centimeters,60
tiny,"The normal body length for an african elephant is 350 centimeters. Compared only to that 350-centimeter baseline for an african elephant, a body length of 60 centimeters feels",huge,"The normal body length for an ant is 1 centimeters. Compared only to that 1-centimeter baseline for an ant, a body length of 60 centimeters feels",an african elephant,an ant,natural_world_anchor,standard_explicit,size_v2_behavioral_lockin_same_value_different_standard,size,False,False,-1.7635885922613588,4.0943445622221,True,size-v2-natural-p0060-an_african_elephant-vs-an_ant,size-v2-natural-p0060-an_ant-vs-an_african_elephant,tiny_huge,0.17142857142857143,60.0,0.171429,60,natural,relative_open_size,bierwisch_kennedy_size_v2_natural,350,1,comparison_class_explicit,60 centimeters,gradable_scalar,centimeters,60
large,"The normal body length for a domestic cat is 46 centimeters. Compared only to that 46-centimeter baseline for a domestic cat, a body length of 60 centimeters feels",huge,"The normal body length for a house mouse is 9 centimeters. Compared only to that 9-centimeter baseline for a house mouse, a body length of 60 centimeters feels",a domestic cat,a house mouse,natural_world_anchor,standard_explicit,size_v2_behavioral_lockin_same_value_different_standard,size,False,False,0.2657031657330057,1.8971199848858813,True,size-v2-natural-p0060-a_domestic_cat-vs-a_house_mouse,size-v2-natural-p0060-a_house_mouse-vs-a_domestic_cat,tiny_huge,1.3043478260869565,6.666666666666667,1.30435,6.66667,natural,relative_open_size,bierwisch_kennedy_size_v2_natural,46,9,comparison_class_explicit,60 centimeters,gradable_scalar,centimeters,60
huge,"The normal body length for a house mouse is 9 centimeters. Compared only to that 9-centimeter baseline for a house mouse, a body length of 60 centimeters feels",tiny,"The normal body length for an adult human is 170 centimeters. Compared only to that 170-centimeter baseline for an adult human, a body length of 60 centimeters feels",a house mouse,an adult human,natural_world_anchor,standard_explicit,size_v2_behavioral_lockin_same_value_different_standard,size,False,False,1.8971199848858813,-1.041453874828161,False,size-v2-natural-p0060-a_house_mouse-vs-an_adult_human,size-v2-natural-p0060-a_house_mouse-vs-an_adult_human,tiny_huge,6.666666666666667,0.35294117647058826,6.66667,0.352941,natural,relative_open_size,bierwisch_kennedy_size_v2_natural,9,170,comparison_class_explicit,60 centimeters,gradable_scalar,centimeters,60
huge,"The normal body length for a house mouse is 9 centimeters. Compared only to that 9-centimeter baseline for a house mouse, a body length of 60 centimeters feels",tiny,"The normal body length for an african elephant is 350 centimeters. Compared only to that 350-centimeter baseline for an african elephant, a body length of 60 centimeters feels",a house mouse,an african elephant,natural_world_anchor,standard_explicit,size_v2_behavioral_lockin_same_value_different_standard,size,False,False,1.8971199848858813,-1.7635885922613588,False,size-v2-natural-p0060-a_house_mouse-vs-an_african_elephant,size-v2-natural-p0060-a_house_mouse-vs-an_african_elephant,tiny_huge,6.666666666666667,0.17142857142857143,6.66667,0.171429,natural,relative_open_size,bierwisch_kennedy_size_v2_natural,9,350,comparison_class_explicit,60 centimeters,gradable_scalar,centimeters,60
large,"The normal body length for a domestic cat is 46 centimeters. Compared only to that 46-centimeter baseline for a domestic cat, a body length of 60 centimeters feels",tiny,"The normal body length for an adult human is 170 centimeters. Compared only to that 170-centimeter baseline for an adult human, a body length of 60 centimeters feels",a domestic cat,an adult human,natural_world_anchor,standard_explicit,size_v2_behavioral_lockin_same_value_different_standard,size,False,False,0.2657031657330057,-1.041453874828161,False,size-v2-natural-p0060-a_domestic_cat-vs-an_adult_human,size-v2-natural-p0060-a_domestic_cat-vs-an_adult_human,tiny_huge,1.3043478260869565,0.35294117647058826,1.30435,0.352941,natural,relative_open_size,bierwisch_kennedy_size_v2_natural,46,170,comparison_class_explicit,60 centimeters,gradable_scalar,centimeters,60
large,"The normal body length for a domestic cat is 46 centimeters. Compared only to that 46-centimeter baseline for a domestic cat, a body length of 60 centimeters feels",tiny,"The normal body length for an african elephant is 350 centimeters. Compared only to that 350-centimeter baseline for an african elephant, a body length of 60 centimeters feels",a domestic cat,an african elephant,natural_world_anchor,standard_explicit,size_v2_behavioral_lockin_same_value_different_standard,size,False,False,0.2657031657330057,-1.7635885922613588,False,size-v2-natural-p0060-a_domestic_cat-vs-an_african_elephant,size-v2-natural-p0060-a_domestic_cat-vs-an_african_elephant,tiny_huge,1.3043478260869565,0.17142857142857143,1.30435,0.171429,natural,relative_open_size,bierwisch_kennedy_size_v2_natural,46,350,comparison_class_explicit,60 centimeters,gradable_scalar,centimeters,60
huge,"The normal body length for an ant is 1 centimeters. Compared only to that 1-centimeter baseline for an ant, a body length of 90 centimeters feels",large,"The normal body length for a domestic cat is 46 centimeters. Compared only to that 46-centimeter baseline for a domestic cat, a body length of 90 centimeters feels",an ant,a domestic cat,natural_world_anchor,standard_explicit,size_v2_behavioral_lockin_same_value_different_standard,size,False,False,4.499809670330265,0.6711682738411701,False,size-v2-natural-p0090-an_ant-vs-a_domestic_cat,size-v2-natural-p0090-an_ant-vs-a_domestic_cat,tiny_huge,90.0,1.9565217391304348,90,1.95652,natural,relative_open_size,bierwisch_kennedy_size_v2_natural,1,46,comparison_class_explicit,90 centimeters,gradable_scalar,centimeters,90
large,"The normal body length for a labrador dog is 60 centimeters. Compared only to that 60-centimeter baseline for a labrador dog, a body length of 90 centimeters feels",huge,"The normal body length for an ant is 1 centimeters. Compared only to that 1-centimeter baseline for an ant, a body length of 90 centimeters feels",a labrador dog,an ant,natural_world_anchor,standard_explicit,size_v2_behavioral_lockin_same_value_different_standard,size,False,False,0.4054651081081644,4.499809670330265,True,size-v2-natural-p0090-a_labrador_dog-vs-an_ant,size-v2-natural-p0090-an_ant-vs-a_labrador_dog,tiny_huge,1.5,90.0,1.5,90,natural,relative_open_size,bierwisch_kennedy_size_v2_natural,60,1,comparison_class_explicit,90 centimeters,gradable_scalar,centimeters,90
small,"The normal body length for an adult human is 170 centimeters. Compared only to that 170-centimeter baseline for an adult human, a body length of 90 centimeters feels",huge,"The normal body length for an ant is 1 centimeters. Compared only to that 1-centimeter baseline for an ant, a body length of 90 centimeters feels",an adult human,an ant,natural_world_anchor,standard_explicit,size_v2_behavioral_lockin_same_value_different_standard,size,False,False,-0.6359887667199967,4.499809670330265,True,size-v2-natural-p0090-an_adult_human-vs-an_ant,size-v2-natural-p0090-an_ant-vs-an_adult_human,tiny_huge,0.5294117647058824,90.0,0.529412,90,natural,relative_open_size,bierwisch_kennedy_size_v2_natural,170,1,comparison_class_explicit,90 centimeters,gradable_scalar,centimeters,90
huge,"The normal body length for an ant is 1 centimeters. Compared only to that 1-centimeter baseline for an ant, a body length of 90 centimeters feels",tiny,"The normal body length for an african elephant is 350 centimeters. Compared only to that 350-centimeter baseline for an african elephant, a body length of 90 centimeters feels",an ant,an african elephant,natural_world_anchor,standard_explicit,size_v2_behavioral_lockin_same_value_different_standard,size,False,False,4.499809670330265,-1.3581234841531944,False,size-v2-natural-p0090-an_ant-vs-an_african_elephant,size-v2-natural-p0090-an_ant-vs-an_african_elephant,tiny_huge,90.0,0.2571428571428571,90,0.257143,natural,relative_open_size,bierwisch_kennedy_size_v2_natural,1,350,comparison_class_explicit,90 centimeters,gradable_scalar,centimeters,90
large,"The normal body length for a domestic cat is 46 centimeters. Compared only to that 46-centimeter baseline for a domestic cat, a body length of 90 centimeters feels",huge,"The normal body length for a house mouse is 9 centimeters. Compared only to that 9-centimeter baseline for a house mouse, a body length of 90 centimeters feels",a domestic cat,a house mouse,natural_world_anchor,standard_explicit,size_v2_behavioral_lockin_same_value_different_standard,size,False,False,0.6711682738411701,2.302585092994046,True,size-v2-natural-p0090-a_domestic_cat-vs-a_house_mouse,size-v2-natural-p0090-a_house_mouse-vs-a_domestic_cat,tiny_huge,1.9565217391304348,10.0,1.95652,10,natural,relative_open_size,bierwisch_kennedy_size_v2_natural,46,9,comparison_class_explicit,90 centimeters,gradable_scalar,centimeters,90
large,"The normal body length for a labrador dog is 60 centimeters. Compared only to that 60-centimeter baseline for a labrador dog, a body length of 90 centimeters feels",huge,"The normal body length for a house mouse is 9 centimeters. Compared only to that 9-centimeter baseline for a house mouse, a body length of 90 centimeters feels",a labrador dog,a house mouse,natural_world_anchor,standard_explicit,size_v2_behavioral_lockin_same_value_different_standard,size,False,False,0.4054651081081644,2.302585092994046,True,size-v2-natural-p0090-a_labrador_dog-vs-a_house_mouse,size-v2-natural-p0090-a_house_mouse-vs-a_labrador_dog,tiny_huge,1.5,10.0,1.5,10,natural,relative_open_size,bierwisch_kennedy_size_v2_natural,60,9,comparison_class_explicit,90 centimeters,gradable_scalar,centimeters,90
huge,"The normal body length for a house mouse is 9 centimeters. Compared only to that 9-centimeter baseline for a house mouse, a body length of 90 centimeters feels",small,"The normal body length for an adult human is 170 centimeters. Compared only to that 170-centimeter baseline for an adult human, a body length of 90 centimeters feels",a house mouse,an adult human,natural_world_anchor,standard_explicit,size_v2_behavioral_lockin_same_value_different_standard,size,False,False,2.302585092994046,-0.6359887667199967,False,size-v2-natural-p0090-a_house_mouse-vs-an_adult_human,size-v2-natural-p0090-a_house_mouse-vs-an_adult_human,tiny_huge,10.0,0.5294117647058824,10,0.529412,natural,relative_open_size,bierwisch_kennedy_size_v2_natural,9,170,comparison_class_explicit,90 centimeters,gradable_scalar,centimeters,90
tiny,"The normal body length for an african elephant is 350 centimeters. Compared only to that 350-centimeter baseline for an african elephant, a body length of 90 centimeters feels",huge,"The normal body length for a house mouse is 9 centimeters. Compared only to that 9-centimeter baseline for a house mouse, a body length of 90 centimeters feels",an african elephant,a house mouse,natural_world_anchor,standard_explicit,size_v2_behavioral_lockin_same_value_different_standard,size,False,False,-1.3581234841531944,2.302585092994046,True,size-v2-natural-p0090-an_african_elephant-vs-a_house_mouse,size-v2-natural-p0090-a_house_mouse-vs-an_african_elephant,tiny_huge,0.2571428571428571,10.0,0.257143,10,natural,relative_open_size,bierwisch_kennedy_size_v2_natural,350,9,comparison_class_explicit,90 centimeters,gradable_scalar,centimeters,90
large,"The normal body length for a domestic cat is 46 centimeters. Compared only to that 46-centimeter baseline for a domestic cat, a body length of 90 centimeters feels",small,"The normal body length for an adult human is 170 centimeters. Compared only to that 170-centimeter baseline for an adult human, a body length of 90 centimeters feels",a domestic cat,an adult human,natural_world_anchor,standard_explicit,size_v2_behavioral_lockin_same_value_different_standard,size,False,False,0.6711682738411701,-0.6359887667199967,False,size-v2-natural-p0090-a_domestic_cat-vs-an_adult_human,size-v2-natural-p0090-a_domestic_cat-vs-an_adult_human,tiny_huge,1.9565217391304348,0.5294117647058824,1.95652,0.529412,natural,relative_open_size,bierwisch_kennedy_size_v2_natural,46,170,comparison_class_explicit,90 centimeters,gradable_scalar,centimeters,90
large,"The normal body length for a domestic cat is 46 centimeters. Compared only to that 46-centimeter baseline for a domestic cat, a body length of 90 centimeters feels",tiny,"The normal body length for an african elephant is 350 centimeters. Compared only to that 350-centimeter baseline for an african elephant, a body length of 90 centimeters feels",a domestic cat,an african elephant,natural_world_anchor,standard_explicit,size_v2_behavioral_lockin_same_value_different_standard,size,False,False,0.6711682738411701,-1.3581234841531944,False,size-v2-natural-p0090-a_domestic_cat-vs-an_african_elephant,size-v2-natural-p0090-a_domestic_cat-vs-an_african_elephant,tiny_huge,1.9565217391304348,0.2571428571428571,1.95652,0.257143,natural,relative_open_size,bierwisch_kennedy_size_v2_natural,46,350,comparison_class_explicit,90 centimeters,gradable_scalar,centimeters,90
small,"The normal body length for an adult human is 170 centimeters. Compared only to that 170-centimeter baseline for an adult human, a body length of 90 centimeters feels",large,"The normal body length for a labrador dog is 60 centimeters. Compared only to that 60-centimeter baseline for a labrador dog, a body length of 90 centimeters feels",an adult human,a labrador dog,natural_world_anchor,standard_explicit,size_v2_behavioral_lockin_same_value_different_standard,size,False,False,-0.6359887667199967,0.4054651081081644,True,size-v2-natural-p0090-an_adult_human-vs-a_labrador_dog,size-v2-natural-p0090-a_labrador_dog-vs-an_adult_human,tiny_huge,0.5294117647058824,1.5,0.529412,1.5,natural,relative_open_size,bierwisch_kennedy_size_v2_natural,170,60,comparison_class_explicit,90 centimeters,gradable_scalar,centimeters,90
tiny,"The normal body length for an african elephant is 350 centimeters. Compared only to that 350-centimeter baseline for an african elephant, a body length of 90 centimeters feels",large,"The normal body length for a labrador dog is 60 centimeters. Compared only to that 60-centimeter baseline for a labrador dog, a body length of 90 centimeters feels",an african elephant,a labrador dog,natural_world_anchor,standard_explicit,size_v2_behavioral_lockin_same_value_different_standard,size,False,False,-1.3581234841531944,0.4054651081081644,True,size-v2-natural-p0090-an_african_elephant-vs-a_labrador_dog,size-v2-natural-p0090-a_labrador_dog-vs-an_african_elephant,tiny_huge,0.2571428571428571,1.5,0.257143,1.5,natural,relative_open_size,bierwisch_kennedy_size_v2_natural,350,60,comparison_class_explicit,90 centimeters,gradable_scalar,centimeters,90
small,"The normal body length for an adult human is 170 centimeters. Compared only to that 170-centimeter baseline for an adult human, a body length of 90 centimeters feels",tiny,"The normal body length for an african elephant is 350 centimeters. Compared only to that 350-centimeter baseline for an african elephant, a body length of 90 centimeters feels",an adult human,an african elephant,natural_world_anchor,standard_explicit,size_v2_behavioral_lockin_same_value_different_standard,size,False,False,-0.6359887667199967,-1.3581234841531944,False,size-v2-natural-p0090-an_adult_human-vs-an_african_elephant,size-v2-natural-p0090-an_adult_human-vs-an_african_elephant,tiny_huge,0.5294117647058824,0.2571428571428571,0.529412,0.257143,natural,relative_open_size,bierwisch_kennedy_size_v2_natural,170,350,comparison_class_explicit,90 centimeters,gradable_scalar,centimeters,90
small,"The normal body length for an adult human is 170 centimeters. Compared only to that 170-centimeter baseline for an adult human, a body length of 130 centimeters feels",huge,"The normal body length for an ant is 1 centimeters. Compared only to that 1-centimeter baseline for an ant, a body length of 130 centimeters feels",an adult human,an ant,natural_world_anchor,standard_explicit,size_v2_behavioral_lockin_same_value_different_standard,size,False,False,-0.2682639865946794,4.867534450455582,True,size-v2-natural-p0130-an_adult_human-vs-an_ant,size-v2-natural-p0130-an_ant-vs-an_adult_human,tiny_huge,0.7647058823529411,130.0,0.764706,130,natural,relative_open_size,bierwisch_kennedy_size_v2_natural,170,1,comparison_class_explicit,130 centimeters,gradable_scalar,centimeters,130
tiny,"The normal body length for an african elephant is 350 centimeters. Compared only to that 350-centimeter baseline for an african elephant, a body length of 130 centimeters feels",huge,"The normal body length for an ant is 1 centimeters. Compared only to that 1-centimeter baseline for an ant, a body length of 130 centimeters feels",an african elephant,an ant,natural_world_anchor,standard_explicit,size_v2_behavioral_lockin_same_value_different_standard,size,False,False,-0.9903987040278769,4.867534450455582,True,size-v2-natural-p0130-an_african_elephant-vs-an_ant,size-v2-natural-p0130-an_ant-vs-an_african_elephant,tiny_huge,0.37142857142857144,130.0,0.371429,130,natural,relative_open_size,bierwisch_kennedy_size_v2_natural,350,1,comparison_class_explicit,130 centimeters,gradable_scalar,centimeters,130
huge,"The normal body length for a house mouse is 9 centimeters. Compared only to that 9-centimeter baseline for a house mouse, a body length of 130 centimeters feels",small,"The normal body length for an adult human is 170 centimeters. Compared only to that 170-centimeter baseline for an adult human, a body length of 130 centimeters feels",a house mouse,an adult human,natural_world_anchor,standard_explicit,size_v2_behavioral_lockin_same_value_different_standard,size,False,False,2.670309873119363,-0.2682639865946794,False,size-v2-natural-p0130-a_house_mouse-vs-an_adult_human,size-v2-natural-p0130-a_house_mouse-vs-an_adult_human,tiny_huge,14.444444444444445,0.7647058823529411,14.4444,0.764706,natural,relative_open_size,bierwisch_kennedy_size_v2_natural,9,170,comparison_class_explicit,130 centimeters,gradable_scalar,centimeters,130
tiny,"The normal body length for an african elephant is 350 centimeters. Compared only to that 350-centimeter baseline for an african elephant, a body length of 130 centimeters feels",huge,"The normal body length for a house mouse is 9 centimeters. Compared only to that 9-centimeter baseline for a house mouse, a body length of 130 centimeters feels",an african elephant,a house mouse,natural_world_anchor,standard_explicit,size_v2_behavioral_lockin_same_value_different_standard,size,False,False,-0.9903987040278769,2.670309873119363,True,size-v2-natural-p0130-an_african_elephant-vs-a_house_mouse,size-v2-natural-p0130-a_house_mouse-vs-an_african_elephant,tiny_huge,0.37142857142857144,14.444444444444445,0.371429,14.4444,natural,relative_open_size,bierwisch_kennedy_size_v2_natural,350,9,comparison_class_explicit,130 centimeters,gradable_scalar,centimeters,130
small,"The normal body length for an adult human is 170 centimeters. Compared only to that 170-centimeter baseline for an adult human, a body length of 130 centimeters feels",huge,"The normal body length for a domestic cat is 46 centimeters. Compared only to that 46-centimeter baseline for a domestic cat, a body length of 130 centimeters feels",an adult human,a domestic cat,natural_world_anchor,standard_explicit,size_v2_behavioral_lockin_same_value_different_standard,size,False,False,-0.2682639865946794,1.0388930539664876,True,size-v2-natural-p0130-an_adult_human-vs-a_domestic_cat,size-v2-natural-p0130-a_domestic_cat-vs-an_adult_human,tiny_huge,0.7647058823529411,2.8260869565217392,0.764706,2.82609,natural,relative_open_size,bierwisch_kennedy_size_v2_natural,170,46,comparison_class_explicit,130 centimeters,gradable_scalar,centimeters,130
tiny,"The normal body length for an african elephant is 350 centimeters. Compared only to that 350-centimeter baseline for an african elephant, a body length of 130 centimeters feels",huge,"The normal body length for a domestic cat is 46 centimeters. Compared only to that 46-centimeter baseline for a domestic cat, a body length of 130 centimeters feels",an african elephant,a domestic cat,natural_world_anchor,standard_explicit,size_v2_behavioral_lockin_same_value_different_standard,size,False,False,-0.9903987040278769,1.0388930539664876,True,size-v2-natural-p0130-an_african_elephant-vs-a_domestic_cat,size-v2-natural-p0130-a_domestic_cat-vs-an_african_elephant,tiny_huge,0.37142857142857144,2.8260869565217392,0.371429,2.82609,natural,relative_open_size,bierwisch_kennedy_size_v2_natural,350,46,comparison_class_explicit,130 centimeters,gradable_scalar,centimeters,130
huge,"The normal body length for a labrador dog is 60 centimeters. Compared only to that 60-centimeter baseline for a labrador dog, a body length of 130 centimeters feels",small,"The normal body length for an adult human is 170 centimeters. Compared only to that 170-centimeter baseline for an adult human, a body length of 130 centimeters feels",a labrador dog,an adult human,natural_world_anchor,standard_explicit,size_v2_behavioral_lockin_same_value_different_standard,size,False,False,0.7731898882334817,-0.2682639865946794,False,size-v2-natural-p0130-a_labrador_dog-vs-an_adult_human,size-v2-natural-p0130-a_labrador_dog-vs-an_adult_human,tiny_huge,2.1666666666666665,0.7647058823529411,2.16667,0.764706,natural,relative_open_size,bierwisch_kennedy_size_v2_natural,60,170,comparison_class_explicit,130 centimeters,gradable_scalar,centimeters,130
tiny,"The normal body length for an african elephant is 350 centimeters. Compared only to that 350-centimeter baseline for an african elephant, a body length of 130 centimeters feels",huge,"The normal body length for a labrador dog is 60 centimeters. Compared only to that 60-centimeter baseline for a labrador dog, a body length of 130 centimeters feels",an african elephant,a labrador dog,natural_world_anchor,standard_explicit,size_v2_behavioral_lockin_same_value_different_standard,size,False,False,-0.9903987040278769,0.7731898882334817,True,size-v2-natural-p0130-an_african_elephant-vs-a_labrador_dog,size-v2-natural-p0130-a_labrador_dog-vs-an_african_elephant,tiny_huge,0.37142857142857144,2.1666666666666665,0.371429,2.16667,natural,relative_open_size,bierwisch_kennedy_size_v2_natural,350,60,comparison_class_explicit,130 centimeters,gradable_scalar,centimeters,130
small,"The normal body length for an adult human is 170 centimeters. Compared only to that 170-centimeter baseline for an adult human, a body length of 130 centimeters feels",tiny,"The normal body length for an african elephant is 350 centimeters. Compared only to that 350-centimeter baseline for an african elephant, a body length of 130 centimeters feels",an adult human,an african elephant,natural_world_anchor,standard_explicit,size_v2_behavioral_lockin_same_value_different_standard,size,False,False,-0.2682639865946794,-0.9903987040278769,False,size-v2-natural-p0130-an_adult_human-vs-an_african_elephant,size-v2-natural-p0130-an_adult_human-vs-an_african_elephant,tiny_huge,0.7647058823529411,0.37142857142857144,0.764706,0.371429,natural,relative_open_size,bierwisch_kennedy_size_v2_natural,170,350,comparison_class_explicit,130 centimeters,gradable_scalar,centimeters,130
large,"The normal body length for an adult human is 170 centimeters. Compared only to that 170-centimeter baseline for an adult human, a body length of 200 centimeters feels",huge,"The normal body length for an ant is 1 centimeters. Compared only to that 1-centimeter baseline for an ant, a body length of 200 centimeters feels",an adult human,an ant,natural_world_anchor,standard_explicit,size_v2_behavioral_lockin_same_value_different_standard,size,False,False,0.16251892949777494,5.298317366548036,True,size-v2-natural-p0200-an_adult_human-vs-an_ant,size-v2-natural-p0200-an_ant-vs-an_adult_human,tiny_huge,1.1764705882352942,200.0,1.17647,200,natural,relative_open_size,bierwisch_kennedy_size_v2_natural,170,1,comparison_class_explicit,200 centimeters,gradable_scalar,centimeters,200
small,"The normal body length for an african elephant is 350 centimeters. Compared only to that 350-centimeter baseline for an african elephant, a body length of 200 centimeters feels",huge,"The normal body length for an ant is 1 centimeters. Compared only to that 1-centimeter baseline for an ant, a body length of 200 centimeters feels",an african elephant,an ant,natural_world_anchor,standard_explicit,size_v2_behavioral_lockin_same_value_different_standard,size,False,False,-0.5596157879354228,5.298317366548036,True,size-v2-natural-p0200-an_african_elephant-vs-an_ant,size-v2-natural-p0200-an_ant-vs-an_african_elephant,tiny_huge,0.5714285714285714,200.0,0.571429,200,natural,relative_open_size,bierwisch_kennedy_size_v2_natural,350,1,comparison_class_explicit,200 centimeters,gradable_scalar,centimeters,200
large,"The normal body length for an adult human is 170 centimeters. Compared only to that 170-centimeter baseline for an adult human, a body length of 200 centimeters feels",huge,"The normal body length for a house mouse is 9 centimeters. Compared only to that 9-centimeter baseline for a house mouse, a body length of 200 centimeters feels",an adult human,a house mouse,natural_world_anchor,standard_explicit,size_v2_behavioral_lockin_same_value_different_standard,size,False,False,0.16251892949777494,3.101092789211817,True,size-v2-natural-p0200-an_adult_human-vs-a_house_mouse,size-v2-natural-p0200-a_house_mouse-vs-an_adult_human,tiny_huge,1.1764705882352942,22.22222222222222,1.17647,22.2222,natural,relative_open_size,bierwisch_kennedy_size_v2_natural,170,9,comparison_class_explicit,200 centimeters,gradable_scalar,centimeters,200
small,"The normal body length for an african elephant is 350 centimeters. Compared only to that 350-centimeter baseline for an african elephant, a body length of 200 centimeters feels",huge,"The normal body length for a house mouse is 9 centimeters. Compared only to that 9-centimeter baseline for a house mouse, a body length of 200 centimeters feels",an african elephant,a house mouse,natural_world_anchor,standard_explicit,size_v2_behavioral_lockin_same_value_different_standard,size,False,False,-0.5596157879354228,3.101092789211817,True,size-v2-natural-p0200-an_african_elephant-vs-a_house_mouse,size-v2-natural-p0200-a_house_mouse-vs-an_african_elephant,tiny_huge,0.5714285714285714,22.22222222222222,0.571429,22.2222,natural,relative_open_size,bierwisch_kennedy_size_v2_natural,350,9,comparison_class_explicit,200 centimeters,gradable_scalar,centimeters,200
large,"The normal body length for an adult human is 170 centimeters. Compared only to that 170-centimeter baseline for an adult human, a body length of 200 centimeters feels",huge,"The normal body length for a domestic cat is 46 centimeters. Compared only to that 46-centimeter baseline for a domestic cat, a body length of 200 centimeters feels",an adult human,a domestic cat,natural_world_anchor,standard_explicit,size_v2_behavioral_lockin_same_value_different_standard,size,False,False,0.16251892949777494,1.4696759700589417,True,size-v2-natural-p0200-an_adult_human-vs-a_domestic_cat,size-v2-natural-p0200-a_domestic_cat-vs-an_adult_human,tiny_huge,1.1764705882352942,4.3478260869565215,1.17647,4.34783,natural,relative_open_size,bierwisch_kennedy_size_v2_natural,170,46,comparison_class_explicit,200 centimeters,gradable_scalar,centimeters,200
small,"The normal body length for an african elephant is 350 centimeters. Compared only to that 350-centimeter baseline for an african elephant, a body length of 200 centimeters feels",huge,"The normal body length for a domestic cat is 46 centimeters. Compared only to that 46-centimeter baseline for a domestic cat, a body length of 200 centimeters feels",an african elephant,a domestic cat,natural_world_anchor,standard_explicit,size_v2_behavioral_lockin_same_value_different_standard,size,False,False,-0.5596157879354228,1.4696759700589417,True,size-v2-natural-p0200-an_african_elephant-vs-a_domestic_cat,size-v2-natural-p0200-a_domestic_cat-vs-an_african_elephant,tiny_huge,0.5714285714285714,4.3478260869565215,0.571429,4.34783,natural,relative_open_size,bierwisch_kennedy_size_v2_natural,350,46,comparison_class_explicit,200 centimeters,gradable_scalar,centimeters,200
huge,"The normal body length for a labrador dog is 60 centimeters. Compared only to that 60-centimeter baseline for a labrador dog, a body length of 200 centimeters feels",large,"The normal body length for an adult human is 170 centimeters. Compared only to that 170-centimeter baseline for an adult human, a body length of 200 centimeters feels",a labrador dog,an adult human,natural_world_anchor,standard_explicit,size_v2_behavioral_lockin_same_value_different_standard,size,False,False,1.2039728043259361,0.16251892949777494,False,size-v2-natural-p0200-a_labrador_dog-vs-an_adult_human,size-v2-natural-p0200-a_labrador_dog-vs-an_adult_human,tiny_huge,3.3333333333333335,1.1764705882352942,3.33333,1.17647,natural,relative_open_size,bierwisch_kennedy_size_v2_natural,60,170,comparison_class_explicit,200 centimeters,gradable_scalar,centimeters,200
small,"The normal body length for an african elephant is 350 centimeters. Compared only to that 350-centimeter baseline for an african elephant, a body length of 200 centimeters feels",huge,"The normal body length for a labrador dog is 60 centimeters. Compared only to that 60-centimeter baseline for a labrador dog, a body length of 200 centimeters feels",an african elephant,a labrador dog,natural_world_anchor,standard_explicit,size_v2_behavioral_lockin_same_value_different_standard,size,False,False,-0.5596157879354228,1.2039728043259361,True,size-v2-natural-p0200-an_african_elephant-vs-a_labrador_dog,size-v2-natural-p0200-a_labrador_dog-vs-an_african_elephant,tiny_huge,0.5714285714285714,3.3333333333333335,0.571429,3.33333,natural,relative_open_size,bierwisch_kennedy_size_v2_natural,350,60,comparison_class_explicit,200 centimeters,gradable_scalar,centimeters,200
large,"The normal body length for an adult human is 170 centimeters. Compared only to that 170-centimeter baseline for an adult human, a body length of 200 centimeters feels",small,"The normal body length for an african elephant is 350 centimeters. Compared only to that 350-centimeter baseline for an african elephant, a body length of 200 centimeters feels",an adult human,an african elephant,natural_world_anchor,standard_explicit,size_v2_behavioral_lockin_same_value_different_standard,size,False,False,0.16251892949777494,-0.5596157879354228,False,size-v2-natural-p0200-an_adult_human-vs-an_african_elephant,size-v2-natural-p0200-an_adult_human-vs-an_african_elephant,tiny_huge,1.1764705882352942,0.5714285714285714,1.17647,0.571429,natural,relative_open_size,bierwisch_kennedy_size_v2_natural,170,350,comparison_class_explicit,200 centimeters,gradable_scalar,centimeters,200
huge,"The normal body length for an ant is 1 centimeters. Compared only to that 1-centimeter baseline for an ant, a body length of 320 centimeters feels",large,"The normal body length for an adult human is 170 centimeters. Compared only to that 170-centimeter baseline for an adult human, a body length of 320 centimeters feels",an ant,an adult human,natural_world_anchor,standard_explicit,size_v2_behavioral_lockin_same_value_different_standard,size,False,False,5.768320995793772,0.6325225587435105,False,size-v2-natural-p0320-an_ant-vs-an_adult_human,size-v2-natural-p0320-an_ant-vs-an_adult_human,tiny_huge,320.0,1.8823529411764706,320,1.88235,natural,relative_open_size,bierwisch_kennedy_size_v2_natural,1,170,comparison_class_explicit,320 centimeters,gradable_scalar,centimeters,320
huge,"The normal body length for a house mouse is 9 centimeters. Compared only to that 9-centimeter baseline for a house mouse, a body length of 320 centimeters feels",large,"The normal body length for an adult human is 170 centimeters. Compared only to that 170-centimeter baseline for an adult human, a body length of 320 centimeters feels",a house mouse,an adult human,natural_world_anchor,standard_explicit,size_v2_behavioral_lockin_same_value_different_standard,size,False,False,3.571096418457553,0.6325225587435105,False,size-v2-natural-p0320-a_house_mouse-vs-an_adult_human,size-v2-natural-p0320-a_house_mouse-vs-an_adult_human,tiny_huge,35.55555555555556,1.8823529411764706,35.5556,1.88235,natural,relative_open_size,bierwisch_kennedy_size_v2_natural,9,170,comparison_class_explicit,320 centimeters,gradable_scalar,centimeters,320
huge,"The normal body length for a domestic cat is 46 centimeters. Compared only to that 46-centimeter baseline for a domestic cat, a body length of 320 centimeters feels",large,"The normal body length for an adult human is 170 centimeters. Compared only to that 170-centimeter baseline for an adult human, a body length of 320 centimeters feels",a domestic cat,an adult human,natural_world_anchor,standard_explicit,size_v2_behavioral_lockin_same_value_different_standard,size,False,False,1.9396795993046771,0.6325225587435105,False,size-v2-natural-p0320-a_domestic_cat-vs-an_adult_human,size-v2-natural-p0320-a_domestic_cat-vs-an_adult_human,tiny_huge,6.956521739130435,1.8823529411764706,6.95652,1.88235,natural,relative_open_size,bierwisch_kennedy_size_v2_natural,46,170,comparison_class_explicit,320 centimeters,gradable_scalar,centimeters,320
huge,"The normal body length for a labrador dog is 60 centimeters. Compared only to that 60-centimeter baseline for a labrador dog, a body length of 320 centimeters feels",large,"The normal body length for an adult human is 170 centimeters. Compared only to that 170-centimeter baseline for an adult human, a body length of 320 centimeters feels",a labrador dog,an adult human,natural_world_anchor,standard_explicit,size_v2_behavioral_lockin_same_value_different_standard,size,False,False,1.6739764335716716,0.6325225587435105,False,size-v2-natural-p0320-a_labrador_dog-vs-an_adult_human,size-v2-natural-p0320-a_labrador_dog-vs-an_adult_human,tiny_huge,5.333333333333333,1.8823529411764706,5.33333,1.88235,natural,relative_open_size,bierwisch_kennedy_size_v2_natural,60,170,comparison_class_explicit,320 centimeters,gradable_scalar,centimeters,320
huge,"The normal body length for an ant is 1 centimeters. Compared only to that 1-centimeter baseline for an ant, a body length of 500 centimeters feels",large,"The normal body length for an african elephant is 350 centimeters. Compared only to that 350-centimeter baseline for an african elephant, a body length of 500 centimeters feels",an ant,an african elephant,natural_world_anchor,standard_explicit,size_v2_behavioral_lockin_same_value_different_standard,size,False,False,6.214608098422191,0.3566749439387324,False,size-v2-natural-p0500-an_ant-vs-an_african_elephant,size-v2-natural-p0500-an_ant-vs-an_african_elephant,tiny_huge,500.0,1.4285714285714286,500,1.42857,natural,relative_open_size,bierwisch_kennedy_size_v2_natural,1,350,comparison_class_explicit,500 centimeters,gradable_scalar,centimeters,500
huge,"The normal body length for a house mouse is 9 centimeters. Compared only to that 9-centimeter baseline for a house mouse, a body length of 500 centimeters feels",large,"The normal body length for an african elephant is 350 centimeters. Compared only to that 350-centimeter baseline for an african elephant, a body length of 500 centimeters feels",a house mouse,an african elephant,natural_world_anchor,standard_explicit,size_v2_behavioral_lockin_same_value_different_standard,size,False,False,4.017383521085972,0.3566749439387324,False,size-v2-natural-p0500-a_house_mouse-vs-an_african_elephant,size-v2-natural-p0500-a_house_mouse-vs-an_african_elephant,tiny_huge,55.55555555555556,1.4285714285714286,55.5556,1.42857,natural,relative_open_size,bierwisch_kennedy_size_v2_natural,9,350,comparison_class_explicit,500 centimeters,gradable_scalar,centimeters,500
huge,"The normal body length for a domestic cat is 46 centimeters. Compared only to that 46-centimeter baseline for a domestic cat, a body length of 500 centimeters feels",large,"The normal body length for an african elephant is 350 centimeters. Compared only to that 350-centimeter baseline for an african elephant, a body length of 500 centimeters feels",a domestic cat,an african elephant,natural_world_anchor,standard_explicit,size_v2_behavioral_lockin_same_value_different_standard,size,False,False,2.385966701933097,0.3566749439387324,False,size-v2-natural-p0500-a_domestic_cat-vs-an_african_elephant,size-v2-natural-p0500-a_domestic_cat-vs-an_african_elephant,tiny_huge,10.869565217391305,1.4285714285714286,10.8696,1.42857,natural,relative_open_size,bierwisch_kennedy_size_v2_natural,46,350,comparison_class_explicit,500 centimeters,gradable_scalar,centimeters,500
huge,"The normal body length for a labrador dog is 60 centimeters. Compared only to that 60-centimeter baseline for a labrador dog, a body length of 500 centimeters feels",large,"The normal body length for an african elephant is 350 centimeters. Compared only to that 350-centimeter baseline for an african elephant, a body length of 500 centimeters feels",a labrador dog,an african elephant,natural_world_anchor,standard_explicit,size_v2_behavioral_lockin_same_value_different_standard,size,False,False,2.120263536200091,0.3566749439387324,False,size-v2-natural-p0500-a_labrador_dog-vs-an_african_elephant,size-v2-natural-p0500-a_labrador_dog-vs-an_african_elephant,tiny_huge,8.333333333333334,1.4285714285714286,8.33333,1.42857,natural,relative_open_size,bierwisch_kennedy_size_v2_natural,60,350,comparison_class_explicit,500 centimeters,gradable_scalar,centimeters,500
huge,"The normal body length for an adult human is 170 centimeters. Compared only to that 170-centimeter baseline for an adult human, a body length of 500 centimeters feels",large,"The normal body length for an african elephant is 350 centimeters. Compared only to that 350-centimeter baseline for an african elephant, a body length of 500 centimeters feels",an adult human,an african elephant,natural_world_anchor,standard_explicit,size_v2_behavioral_lockin_same_value_different_standard,size,False,False,1.07880966137193,0.3566749439387324,False,size-v2-natural-p0500-an_adult_human-vs-an_african_elephant,size-v2-natural-p0500-an_adult_human-vs-an_african_elephant,tiny_huge,2.9411764705882355,1.4285714285714286,2.94118,1.42857,natural,relative_open_size,bierwisch_kennedy_size_v2_natural,170,350,comparison_class_explicit,500 centimeters,gradable_scalar,centimeters,500
